date_iso;date_fr;open;high;low;close;volume
2022-12-30;30/12/2022;10210;10210;10210;10210;50274
2023-01-02;02/01/2023;10220;10925;10220;10925;14868
2023-01-03;03/01/2023;10920;10920;10500;10500;31367
2023-01-04;04/01/2023;10475;10500;10475;10500;20463
2023-01-05;05/01/2023;10290;10485;10290;10485;9471
2023-01-06;06/01/2023;10460;10460;10370;10370;2144
2023-01-09;09/01/2023;10290;10290;10190;10190;17793
2023-01-10;10/01/2023;10005;10200;10005;10200;11444
2023-01-11;11/01/2023;10100;10100;10000;10000;32458
2023-01-12;12/01/2023;10200;10200;10200;10200;3242
2023-01-13;13/01/2023;10200;10200;10190;10190;1684
2023-01-16;16/01/2023;10200;10200;10175;10175;864
2023-01-17;17/01/2023;10175;10175;10000;10000;8718
2023-01-18;18/01/2023;10090;10090;10000;10000;23407
2023-01-19;19/01/2023;10000;10000;10000;10000;4589
2023-01-20;20/01/2023;10000;10000;10000;10000;2722
2023-01-23;23/01/2023;10000;10000;10000;10000;14486
2023-01-24;24/01/2023;10000;10000;10000;10000;2952
2023-01-25;25/01/2023;10000;10000;10000;10000;6663
2023-01-26;26/01/2023;10000;10050;10000;10050;2951
2023-01-27;27/01/2023;10050;10050;10050;10050;1690
2023-01-30;30/01/2023;10050;10050;10050;10050;2129
2023-01-31;31/01/2023;10050;10150;10050;10150;18653
2023-02-01;01/02/2023;10105;10450;10105;10450;73631
2023-02-02;02/02/2023;10300;10445;10300;10445;6768
2023-02-03;03/02/2023;10440;10440;10300;10300;109586
2023-02-06;06/02/2023;10400;10495;10400;10495;222028
2023-02-07;07/02/2023;10360;10495;10360;10495;90975
2023-02-08;08/02/2023;10495;10495;10485;10485;3408
2023-02-09;09/02/2023;10490;10490;10475;10475;3858
2023-02-10;10/02/2023;10480;10480;10400;10400;142
2023-02-13;13/02/2023;10350;10400;10350;10400;657
2023-02-14;14/02/2023;10400;10400;10305;10305;3101
2023-02-15;15/02/2023;10250;10250;10195;10195;16371
2023-02-16;16/02/2023;10195;10200;10195;10200;3955
2023-02-17;17/02/2023;10150;10200;10150;10200;2560
2023-02-20;20/02/2023;10200;10200;10200;10200;1043
2023-02-21;21/02/2023;10225;10225;10200;10200;4910
2023-02-22;22/02/2023;10200;10200;10200;10200;2580
2023-02-23;23/02/2023;10200;10235;10200;10235;765
2023-02-24;24/02/2023;10200;10200;10195;10195;2764
2023-02-27;27/02/2023;10200;10200;10150;10150;768
2023-02-28;28/02/2023;10050;10100;10050;10100;6759
2023-03-01;01/03/2023;10095;10095;10010;10010;2829
2023-03-02;02/03/2023;10010;10010;10010;10010;13717
2023-03-03;03/03/2023;10010;10010;10000;10000;1858
2023-03-06;06/03/2023;10000;10010;10000;10010;5727
2023-03-07;07/03/2023;10010;10100;10010;10100;369
2023-03-08;08/03/2023;10010;10010;10000;10000;6530
2023-03-09;09/03/2023;9990;10000;9990;10000;1692
2023-03-10;10/03/2023;10000;10000;10000;10000;1596
2023-03-13;13/03/2023;10000;10000;9995;9995;2988
2023-03-14;14/03/2023;9995;9995;9800;9800;2922
2023-03-15;15/03/2023;9800;9890;9800;9890;4822
2023-03-16;16/03/2023;9890;9890;9850;9850;6665
2023-03-17;17/03/2023;9805;9805;9805;9805;1618
2023-03-20;20/03/2023;9600;9600;9600;9600;5013
2023-03-21;21/03/2023;9505;9505;9500;9500;3877
2023-03-22;22/03/2023;9500;9500;9500;9500;4109
2023-03-23;23/03/2023;9495;9500;9495;9500;2067
2023-03-24;24/03/2023;9500;9520;9500;9520;3830
2023-03-27;27/03/2023;9520;9530;9520;9530;932
2023-03-28;28/03/2023;9520;9520;9500;9500;6845
2023-03-29;29/03/2023;9500;9500;9500;9500;964
2023-03-30;30/03/2023;9500;9500;9500;9500;1489
2023-03-31;31/03/2023;9500;9500;9500;9500;5870
2023-04-03;03/04/2023;9495;9500;9495;9500;1852
2023-04-04;04/04/2023;9400;9450;9400;9450;1423
2023-04-05;05/04/2023;9450;9450;9400;9400;3566
2023-04-06;06/04/2023;9450;9450;9300;9300;2080
2023-04-07;07/04/2023;9300;9400;9300;9400;569
2023-04-10;10/04/2023;9300;9400;9300;9400;569
2023-04-11;11/04/2023;9400;9400;9395;9395;3291
2023-04-12;12/04/2023;9100;9300;9100;9300;1271
2023-04-13;13/04/2023;9200;9200;9200;9200;1440
2023-04-14;14/04/2023;9230;9230;9190;9190;3899
2023-04-17;17/04/2023;9190;9190;9050;9050;945
2023-04-18;18/04/2023;9190;9190;9050;9050;945
2023-04-19;19/04/2023;9000;9000;8995;8995;2241
2023-04-20;20/04/2023;8995;9000;8995;9000;7868
2023-04-21;21/04/2023;8995;9000;8995;9000;7868
2023-04-24;24/04/2023;9000;9050;9000;9050;5005
2023-04-25;25/04/2023;9000;9145;9000;9145;4897
2023-04-26;26/04/2023;9050;9150;9050;9150;218
2023-04-27;27/04/2023;9145;9150;9145;9150;1056
2023-04-28;28/04/2023;9150;9275;9150;9275;455
2023-05-01;01/05/2023;9150;9275;9150;9275;455
2023-05-02;02/05/2023;9275;9400;9275;9400;586
2023-05-03;03/05/2023;9275;9400;9275;9400;586
2023-05-04;04/05/2023;9350;9475;9350;9475;1423
2023-05-05;05/05/2023;9475;9490;9475;9490;585
2023-05-08;08/05/2023;9490;9490;9400;9400;2873
2023-05-09;09/05/2023;9400;9500;9400;9500;2084
2023-05-10;10/05/2023;9495;9500;9495;9500;22947
2023-05-11;11/05/2023;9490;9500;9490;9500;412
2023-05-12;12/05/2023;9495;9500;9495;9500;1187
2023-05-15;15/05/2023;9500;9500;9500;9500;1867
2023-05-16;16/05/2023;9500;9500;9500;9500;1577
2023-05-17;17/05/2023;9500;9500;9500;9500;1661
2023-05-18;18/05/2023;9500;9500;9500;9500;1661
2023-05-19;19/05/2023;9500;9500;9500;9500;5922
2023-05-22;22/05/2023;9500;9500;9500;9500;3081
2023-05-23;23/05/2023;9480;9500;9480;9500;5544
2023-05-24;24/05/2023;9360;9450;9360;9450;25134
2023-05-25;25/05/2023;9450;9590;9450;9590;2003
2023-05-26;26/05/2023;9590;9590;9500;9500;952
2023-05-29;29/05/2023;9590;9590;9500;9500;952
2023-05-30;30/05/2023;9500;9500;9500;9500;574
2023-05-31;31/05/2023;9500;9575;9500;9575;31509
2023-06-01;01/06/2023;9590;9590;9575;9575;1712
2023-06-02;02/06/2023;9590;9590;9550;9550;31757
2023-06-05;05/06/2023;9590;9600;9590;9600;4083
2023-06-06;06/06/2023;9600;9600;9600;9600;2954
2023-06-07;07/06/2023;9650;9650;9605;9605;1835
2023-06-08;08/06/2023;9655;9655;9550;9550;31907
2023-06-09;09/06/2023;9990;9990;9950;9950;560
2023-06-12;12/06/2023;9950;9950;9600;9600;3004
2023-06-13;13/06/2023;9480;9480;9210;9210;6273
2023-06-14;14/06/2023;9210;9450;9210;9450;4864
2023-06-15;15/06/2023;9300;9305;9300;9305;2248
2023-06-16;16/06/2023;9580;9580;9455;9455;312
2023-06-19;19/06/2023;9455;9455;9400;9400;3167
2023-06-20;20/06/2023;9400;9545;9400;9545;12744
2023-06-21;21/06/2023;9520;9520;9500;9500;14062
2023-06-22;22/06/2023;9500;9500;9500;9500;15025
2023-06-23;23/06/2023;9500;9500;9500;9500;9652
2023-06-26;26/06/2023;9505;9505;9500;9500;2147
2023-06-27;27/06/2023;9500;9500;9500;9500;14981
2023-06-28;28/06/2023;9500;9500;9500;9500;14981
2023-06-29;29/06/2023;9500;9505;9500;9505;5094
2023-06-30;30/06/2023;9500;9510;9500;9510;403
2023-07-03;03/07/2023;9510;9560;9510;9560;8897
2023-07-04;04/07/2023;9560;9610;9560;9610;2841
2023-07-05;05/07/2023;9605;9700;9605;9700;4912
2023-07-06;06/07/2023;9700;9800;9700;9800;2565
2023-07-07;07/07/2023;9900;9900;9890;9890;6535
2023-07-10;10/07/2023;9890;10000;9890;10000;14481
2023-07-11;11/07/2023;10000;10000;10000;10000;4545
2023-07-12;12/07/2023;10000;10005;10000;10005;828
2023-07-13;13/07/2023;10000;10000;10000;10000;41454
2023-07-14;14/07/2023;9995;9995;9995;9995;1164
2023-07-17;17/07/2023;9990;9990;9990;9990;6312
2023-07-18;18/07/2023;10000;10000;9950;9950;6167
2023-07-19;19/07/2023;9990;9995;9990;9995;1229
2023-07-20;20/07/2023;10000;10000;9995;9995;1899
2023-07-21;21/07/2023;9995;9995;9995;9995;3767
2023-07-24;24/07/2023;9995;9995;9990;9990;2322
2023-07-25;25/07/2023;9995;9995;9995;9995;1773
2023-07-26;26/07/2023;9995;10000;9995;10000;7122
2023-07-27;27/07/2023;10000;10000;10000;10000;1754
2023-07-28;28/07/2023;10000;10000;10000;10000;229
2023-07-31;31/07/2023;10000;10000;9990;9990;746
2023-08-01;01/08/2023;9990;9990;9800;9800;2349
2023-08-02;02/08/2023;9990;9990;9905;9905;433
2023-08-03;03/08/2023;9900;9900;9805;9805;4371
2023-08-04;04/08/2023;9815;9850;9815;9850;429
2023-08-07;07/08/2023;9815;9850;9815;9850;429
2023-08-08;08/08/2023;9950;9950;9800;9800;6018
2023-08-09;09/08/2023;9800;9805;9800;9805;1269
2023-08-10;10/08/2023;9900;9900;9900;9900;233
2023-08-11;11/08/2023;9900;9900;9810;9810;2412
2023-08-14;14/08/2023;9805;9900;9805;9900;3453
2023-08-15;15/08/2023;9805;9900;9805;9900;3453
2023-08-16;16/08/2023;9900;9950;9900;9950;616
2023-08-17;17/08/2023;10005;10210;10005;10210;5732
2023-08-18;18/08/2023;10300;10495;10300;10495;4720
2023-08-21;21/08/2023;10410;10695;10410;10695;10383
2023-08-22;22/08/2023;10695;10695;10680;10680;847
2023-08-23;23/08/2023;10450;10450;10450;10450;415
2023-08-24;24/08/2023;10450;10450;10450;10450;14151
2023-08-25;25/08/2023;10450;10495;10450;10495;4251
2023-08-28;28/08/2023;10490;10490;10450;10450;1678
2023-08-29;29/08/2023;10450;10455;10450;10455;489
2023-08-30;30/08/2023;10455;10500;10455;10500;474
2023-08-31;31/08/2023;10500;10750;10500;10750;4179
2023-09-01;01/09/2023;10750;10950;10750;10950;850
2023-09-04;04/09/2023;10800;10800;10800;10800;5146
2023-09-05;05/09/2023;10795;10795;10795;10795;2390
2023-09-06;06/09/2023;10700;10750;10700;10750;364
2023-09-07;07/09/2023;10730;10850;10730;10850;2466
2023-09-08;08/09/2023;10700;10795;10700;10795;703
2023-09-11;11/09/2023;10800;10805;10800;10805;1021
2023-09-12;12/09/2023;10950;10950;10805;10805;7510
2023-09-13;13/09/2023;10950;10995;10950;10995;2326
2023-09-14;14/09/2023;10900;11100;10900;11100;985
2023-09-15;15/09/2023;11100;11100;10900;10900;949
2023-09-18;18/09/2023;10900;10900;10850;10850;594
2023-09-19;19/09/2023;10815;10815;10700;10700;10391
2023-09-20;20/09/2023;10800;10800;10500;10500;8931
2023-09-21;21/09/2023;10700;10700;10500;10500;1099
2023-09-22;22/09/2023;10700;10700;10600;10600;6519
2023-09-25;25/09/2023;10700;10700;10680;10680;1547
2023-09-26;26/09/2023;10700;10700;10500;10500;265
2023-09-27;27/09/2023;10700;10700;10500;10500;265
2023-09-28;28/09/2023;10500;10505;10500;10505;25849
2023-09-29;29/09/2023;10505;10600;10505;10600;170
2023-10-02;02/10/2023;10505;10505;10505;10505;109
2023-10-03;03/10/2023;10500;10500;10500;10500;3222
2023-10-04;04/10/2023;10450;10500;10450;10500;3415
2023-10-05;05/10/2023;10680;10800;10680;10800;15531
2023-10-06;06/10/2023;10500;10800;10500;10800;10939
2023-10-09;09/10/2023;10800;10800;10510;10510;199
2023-10-10;10/10/2023;10600;10600;10505;10505;2216
2023-10-11;11/10/2023;10505;10550;10505;10550;5222
2023-10-12;12/10/2023;10550;10600;10550;10600;797
2023-10-13;13/10/2023;10700;10800;10700;10800;1598
2023-10-16;16/10/2023;10900;10900;10800;10800;260
2023-10-17;17/10/2023;10900;10900;10800;10800;534
2023-10-18;18/10/2023;10700;10700;10605;10605;1177
2023-10-19;19/10/2023;10610;10800;10610;10800;1403
2023-10-20;20/10/2023;10610;10785;10610;10785;418
2023-10-23;23/10/2023;10610;10610;10610;10610;311
2023-10-24;24/10/2023;10605;10690;10605;10690;1607
2023-10-25;25/10/2023;10650;10650;10610;10610;243
2023-10-26;26/10/2023;10685;10685;10685;10685;159
2023-10-27;27/10/2023;10690;10700;10690;10700;6277
2023-10-30;30/10/2023;10700;10750;10700;10750;427
2023-10-31;31/10/2023;10620;10620;10350;10350;24129
2023-11-01;01/11/2023;10620;10620;10350;10350;24129
2023-11-02;02/11/2023;10300;10300;10020;10020;31994
2023-11-03;03/11/2023;10100;10740;10100;10740;3920
2023-11-06;06/11/2023;10500;10500;10400;10400;864
2023-11-07;07/11/2023;10400;10450;10400;10450;260
2023-11-08;08/11/2023;10450;10500;10450;10500;2190
2023-11-09;09/11/2023;10500;10500;10490;10490;220
2023-11-10;10/11/2023;10490;10490;10490;10490;399
2023-11-13;13/11/2023;10500;10500;10490;10490;525
2023-11-14;14/11/2023;10450;10490;10450;10490;1062
2023-11-15;15/11/2023;10450;10490;10450;10490;1062
2023-11-16;16/11/2023;10400;10500;10400;10500;25115
2023-11-17;17/11/2023;10600;10600;10495;10495;625
2023-11-20;20/11/2023;10495;10495;10400;10400;588
2023-11-21;21/11/2023;10490;10490;10450;10450;25947
2023-11-22;22/11/2023;10450;10490;10450;10490;947
2023-11-23;23/11/2023;10490;10550;10490;10550;753
2023-11-24;24/11/2023;10550;10700;10550;10700;1700
2023-11-27;27/11/2023;10500;10700;10500;10700;822
2023-11-28;28/11/2023;10605;10900;10605;10900;2908
2023-11-29;29/11/2023;10800;11500;10800;11500;27409
2023-11-30;30/11/2023;11450;11450;11450;11450;489
2023-12-01;01/12/2023;10665;10800;10665;10800;9206
2023-12-04;04/12/2023;10800;10800;10700;10700;7744
2023-12-05;05/12/2023;10750;10750;10700;10700;4827
2023-12-06;06/12/2023;10700;10700;10500;10500;647
2023-12-07;07/12/2023;10500;10695;10500;10695;730
2023-12-08;08/12/2023;10695;10700;10695;10700;920
2023-12-11;11/12/2023;10500;10500;10500;10500;291
2023-12-12;12/12/2023;10490;10490;10490;10490;1517
2023-12-13;13/12/2023;10850;10850;10850;10850;5306
2023-12-14;14/12/2023;10900;10900;10600;10600;403
2023-12-15;15/12/2023;10600;10600;10600;10600;1217
2023-12-18;18/12/2023;10595;10595;10595;10595;2571
2023-12-19;19/12/2023;10595;10595;10450;10450;918
2023-12-20;20/12/2023;10995;10995;10880;10880;7514
2023-12-21;21/12/2023;10750;10850;10750;10850;175
2023-12-22;22/12/2023;10600;10700;10600;10700;243
2023-12-25;25/12/2023;10600;10700;10600;10700;243
2023-12-26;26/12/2023;10625;10625;10500;10500;1587
2023-12-27;27/12/2023;10690;10690;10600;10600;7856
2023-12-28;28/12/2023;10600;11145;10600;11145;12275
2023-12-29;29/12/2023;10600;10900;10600;10900;642
2024-01-01;01/01/2024;10600;10900;10600;10900;642
2024-01-02;02/01/2024;11000;11000;10600;10600;4803
2024-01-03;03/01/2024;10600;10900;10600;10900;5929
2024-01-04;04/01/2024;10900;10900;10900;10900;375
2024-01-05;05/01/2024;10700;10900;10700;10900;296
2024-01-08;08/01/2024;10900;10900;10850;10850;121
2024-01-09;09/01/2024;10605;10845;10605;10845;787
2024-01-10;10/01/2024;10850;10850;10825;10825;167
2024-01-11;11/01/2024;10610;10795;10610;10795;94
2024-01-12;12/01/2024;10800;10800;10800;10800;411
2024-01-15;15/01/2024;10750;10800;10750;10800;326
2024-01-16;16/01/2024;10750;10750;10655;10655;225
2024-01-17;17/01/2024;10655;10750;10655;10750;5162
2024-01-18;18/01/2024;10655;10655;10655;10655;603
2024-01-19;19/01/2024;10700;10700;10700;10700;182
2024-01-22;22/01/2024;10655;10655;10655;10655;430
2024-01-23;23/01/2024;10655;10700;10655;10700;112
2024-01-24;24/01/2024;10700;10700;10655;10655;1037
2024-01-25;25/01/2024;10665;10665;10660;10660;2155
2024-01-26;26/01/2024;10660;10660;10660;10660;734
2024-01-29;29/01/2024;10660;10700;10660;10700;291
2024-01-30;30/01/2024;10655;10655;10655;10655;309
2024-01-31;31/01/2024;10655;10655;10655;10655;126
2024-02-01;01/02/2024;10655;10700;10655;10700;948
2024-02-02;02/02/2024;10700;10800;10700;10800;377
2024-02-05;05/02/2024;10840;10840;10800;10800;393
2024-02-06;06/02/2024;10800;10800;10700;10700;1698
2024-02-07;07/02/2024;10700;10700;10660;10660;656
2024-02-08;08/02/2024;10695;10695;10695;10695;1
2024-02-09;09/02/2024;10655;10655;10655;10655;666
2024-02-12;12/02/2024;10655;10655;10655;10655;666
2024-02-13;13/02/2024;10655;10660;10655;10660;534
2024-02-14;14/02/2024;10660;10660;10660;10660;401
2024-02-15;15/02/2024;10660;10660;10660;10660;1732
2024-02-16;16/02/2024;10660;10700;10660;10700;34
2024-02-19;19/02/2024;10660;10700;10660;10700;579
2024-02-20;20/02/2024;10700;10745;10700;10745;140
2024-02-21;21/02/2024;10700;10700;10660;10660;421
2024-02-22;22/02/2024;10660;10660;10660;10660;3012
2024-02-23;23/02/2024;10730;10730;10730;10730;214
2024-02-26;26/02/2024;10730;10730;10730;10730;1320
2024-02-27;27/02/2024;10700;10730;10700;10730;940
2024-02-28;28/02/2024;10785;10785;10730;10730;109
2024-02-29;29/02/2024;10705;10950;10705;10950;802
2024-03-01;01/03/2024;11000;11000;10995;10995;1658
2024-03-04;04/03/2024;10950;10985;10950;10985;1026
2024-03-05;05/03/2024;10975;10975;10950;10950;713
2024-03-06;06/03/2024;10855;10855;10705;10705;3796
2024-03-07;07/03/2024;10900;10900;10890;10890;705
2024-03-08;08/03/2024;10885;10890;10885;10890;631
2024-03-11;11/03/2024;10890;10890;10750;10750;7097
2024-03-12;12/03/2024;10890;10890;10850;10850;463
2024-03-13;13/03/2024;10750;10800;10750;10800;483
2024-03-14;14/03/2024;10750;10750;10750;10750;231
2024-03-15;15/03/2024;10760;10760;10750;10750;452
2024-03-18;18/03/2024;10750;10890;10750;10890;11280
2024-03-19;19/03/2024;10800;10800;10750;10750;123
2024-03-20;20/03/2024;10800;10800;10750;10750;1563
2024-03-21;21/03/2024;10750;10790;10750;10790;488
2024-03-22;22/03/2024;10750;10800;10750;10800;751
2024-03-25;25/03/2024;10880;10880;10850;10850;2380
2024-03-26;26/03/2024;10750;10850;10750;10850;615
2024-03-27;27/03/2024;10850;10850;10795;10795;2387
2024-03-28;28/03/2024;10845;10845;10845;10845;545
2024-03-29;29/03/2024;10790;10845;10790;10845;59
2024-04-01;01/04/2024;10790;10845;10790;10845;59
2024-04-02;02/04/2024;10845;10845;10845;10845;1006
2024-04-03;03/04/2024;10900;10900;10900;10900;820
2024-04-04;04/04/2024;10795;10900;10795;10900;781
2024-04-05;05/04/2024;10895;10895;10800;10800;541
2024-04-08;08/04/2024;10800;10845;10800;10845;699
2024-04-09;09/04/2024;10845;10845;10845;10845;4564
2024-04-10;10/04/2024;10845;10845;10845;10845;4564
2024-04-11;11/04/2024;10800;10845;10800;10845;6936
2024-04-12;12/04/2024;10800;10845;10800;10845;979
2024-04-15;15/04/2024;10850;11000;10850;11000;40
2024-04-16;16/04/2024;11000;11000;10850;10850;1485
2024-04-17;17/04/2024;10850;11000;10850;11000;52
2024-04-18;18/04/2024;11000;11000;10845;10845;1465
2024-04-19;19/04/2024;11000;11000;10850;10850;3
2024-04-22;22/04/2024;10850;10855;10850;10855;115
2024-04-23;23/04/2024;10995;10995;10855;10855;100
2024-04-24;24/04/2024;10855;10855;10855;10855;10721
2024-04-25;25/04/2024;10790;10845;10790;10845;373
2024-04-26;26/04/2024;10845;10990;10845;10990;2721
2024-04-29;29/04/2024;10900;11000;10900;11000;2260
2024-04-30;30/04/2024;10990;10990;10955;10955;1531
2024-05-01;01/05/2024;10990;10990;10955;10955;1531
2024-05-02;02/05/2024;10990;11000;10990;11000;1482
2024-05-03;03/05/2024;11000;11075;11000;11075;2150
2024-05-06;06/05/2024;10950;11050;10950;11050;514
2024-05-07;07/05/2024;11050;11050;11000;11000;2440
2024-05-08;08/05/2024;11000;11000;11000;11000;8424
2024-05-09;09/05/2024;11000;11000;11000;11000;8424
2024-05-10;10/05/2024;10850;11000;10850;11000;631
2024-05-13;13/05/2024;10950;11075;10950;11075;428
2024-05-14;14/05/2024;11075;11500;11075;11500;353
2024-05-15;15/05/2024;11500;11500;11150;11150;6873
2024-05-16;16/05/2024;11400;11400;11400;11400;1208
2024-05-17;17/05/2024;11175;11400;11175;11400;945
2024-05-20;20/05/2024;11175;11400;11175;11400;945
2024-05-21;21/05/2024;11395;11450;11395;11450;2083
2024-05-22;22/05/2024;11450;11450;11450;11450;451
2024-05-23;23/05/2024;11450;11500;11450;11500;945
2024-05-24;24/05/2024;11995;11995;11500;11500;490
2024-05-27;27/05/2024;11500;11505;11500;11505;237
2024-05-28;28/05/2024;11700;11795;11700;11795;665
2024-05-29;29/05/2024;11800;11895;11800;11895;1385
2024-05-30;30/05/2024;11795;11795;11200;11200;2202
2024-05-31;31/05/2024;11500;11500;11495;11495;42
2024-06-03;03/06/2024;11485;11485;11485;11485;953
2024-06-04;04/06/2024;11450;11450;11450;11450;37
2024-06-05;05/06/2024;11445;11445;11000;11000;6104
2024-06-06;06/06/2024;11000;11445;11000;11445;1176
2024-06-07;07/06/2024;11400;11400;11400;11400;446
2024-06-10;10/06/2024;11255;11255;11175;11175;5147
2024-06-11;11/06/2024;11450;11450;11175;11175;1601
2024-06-12;12/06/2024;11190;11200;11190;11200;1420
2024-06-13;13/06/2024;11175;11500;11175;11500;1304
2024-06-14;14/06/2024;11550;11745;11550;11745;309
2024-06-18;18/06/2024;11745;11745;11505;11505;1041
2024-06-19;19/06/2024;11505;11600;11505;11600;419
2024-06-20;20/06/2024;11790;11790;11790;11790;78
2024-06-21;21/06/2024;11790;11790;11755;11755;434
2024-06-24;24/06/2024;11600;11755;11600;11755;692
2024-06-25;25/06/2024;11760;12000;11760;12000;1106
2024-06-26;26/06/2024;12000;12000;12000;12000;227
2024-06-27;27/06/2024;11800;11950;11800;11950;471
2024-06-28;28/06/2024;11950;11950;11800;11800;458
2024-07-01;01/07/2024;11800;11850;11800;11850;4690
2024-07-02;02/07/2024;11950;11950;11950;11950;404
2024-07-03;03/07/2024;11950;12000;11950;12000;506
2024-07-04;04/07/2024;11750;12000;11750;12000;15917
2024-07-05;05/07/2024;11800;12000;11800;12000;731
2024-07-08;08/07/2024;12000;12000;12000;12000;9993
2024-07-09;09/07/2024;12000;12000;11760;11760;2120
2024-07-10;10/07/2024;12000;12100;12000;12100;326
2024-07-11;11/07/2024;11860;12100;11860;12100;537
2024-07-12;12/07/2024;12100;12100;12000;12000;1169
2024-07-15;15/07/2024;12050;12050;12050;12050;483
2024-07-16;16/07/2024;12000;12500;12000;12500;1310
2024-07-17;17/07/2024;12500;13435;12500;13435;290
2024-07-18;18/07/2024;13435;13435;13000;13000;1327
2024-07-19;19/07/2024;12800;13000;12800;13000;5973
2024-07-22;22/07/2024;13000;13000;12600;12600;2505
2024-07-23;23/07/2024;12605;12605;12600;12600;767
2024-07-24;24/07/2024;12600;13000;12600;13000;344
2024-07-25;25/07/2024;13000;13000;13000;13000;298
2024-07-26;26/07/2024;12610;13000;12610;13000;558
2024-07-29;29/07/2024;13000;13000;12995;12995;1278
2024-07-30;30/07/2024;13000;13000;12605;12605;1255
2024-07-31;31/07/2024;13430;13430;12655;12655;1286
2024-08-01;01/08/2024;12655;12670;12655;12670;374
2024-08-02;02/08/2024;13395;13395;13385;13385;262
2024-08-05;05/08/2024;13390;13390;13050;13050;911
2024-08-06;06/08/2024;13300;13300;13300;13300;576
2024-08-07;07/08/2024;13300;13300;13300;13300;576
2024-08-08;08/08/2024;13380;13415;13380;13415;1432
2024-08-09;09/08/2024;13415;14000;13415;14000;4155
2024-08-12;12/08/2024;14000;14000;14000;14000;2794
2024-08-13;13/08/2024;13855;13995;13855;13995;2873
2024-08-14;14/08/2024;13995;14000;13995;14000;758
2024-08-15;15/08/2024;13995;14000;13995;14000;758
2024-08-16;16/08/2024;14000;14005;14000;14005;1630
2024-08-19;19/08/2024;14005;14500;14005;14500;11062
2024-08-20;20/08/2024;14500;14600;14500;14600;1608
2024-08-21;21/08/2024;14600;14675;14600;14675;1053
2024-08-22;22/08/2024;14700;14885;14700;14885;2779
2024-08-23;23/08/2024;14885;14885;14875;14875;880
2024-08-26;26/08/2024;14885;14885;14100;14100;35939
2024-08-27;27/08/2024;14880;14880;14325;14325;651
2024-08-28;28/08/2024;14505;14505;14500;14500;3351
2024-08-29;29/08/2024;14860;14880;14860;14880;1460
2024-08-30;30/08/2024;14880;14880;14600;14600;1325
2024-09-02;02/09/2024;14880;14880;14880;14880;2188
2024-09-03;03/09/2024;14880;14900;14880;14900;921
2024-09-04;04/09/2024;14905;14905;14880;14880;2460
2024-09-05;05/09/2024;14800;14800;14800;14800;6269
2024-09-06;06/09/2024;14900;14900;14800;14800;8750
2024-09-09;09/09/2024;14800;14895;14800;14895;2558
2024-09-10;10/09/2024;14900;14910;14900;14910;1795
2024-09-11;11/09/2024;15000;15060;15000;15060;957
2024-09-12;12/09/2024;15065;15065;14930;14930;10120
2024-09-13;13/09/2024;15000;15000;14950;14950;2198
2024-09-16;16/09/2024;14950;14950;14950;14950;1425
2024-09-17;17/09/2024;15000;15000;15000;15000;413
2024-09-18;18/09/2024;15000;15000;15000;15000;1179
2024-09-19;19/09/2024;15000;15000;15000;15000;471
2024-09-20;20/09/2024;15500;15500;15300;15300;299
2024-09-23;23/09/2024;15305;15600;15305;15600;769
2024-09-24;24/09/2024;15950;15950;15700;15700;3372
2024-09-25;25/09/2024;15700;15700;15605;15605;255
2024-09-26;26/09/2024;15700;15750;15700;15750;1962
2024-09-27;27/09/2024;15750;15750;15750;15750;1535
2024-09-30;30/09/2024;15750;15750;15750;15750;1196
2024-10-01;01/10/2024;15700;15700;15500;15500;1509
2024-10-02;02/10/2024;15350;15500;15350;15500;1612
2024-10-03;03/10/2024;15500;15500;15250;15250;3140
2024-10-04;04/10/2024;15200;15200;15150;15150;2463
2024-10-07;07/10/2024;15150;15500;15150;15500;4028
2024-10-08;08/10/2024;15500;15800;15500;15800;832
2024-10-09;09/10/2024;15500;15700;15500;15700;469
2024-10-10;10/10/2024;15780;15780;15700;15700;1046
2024-10-11;11/10/2024;15690;15690;15150;15150;7817
2024-10-14;14/10/2024;15150;15155;15150;15155;3425
2024-10-15;15/10/2024;15155;15300;15155;15300;1608
2024-10-16;16/10/2024;15295;15295;15200;15200;298
2024-10-17;17/10/2024;15210;15210;15150;15150;745
2024-10-18;18/10/2024;15150;15150;15150;15150;322
2024-10-21;21/10/2024;15150;15150;15060;15060;439
2024-10-22;22/10/2024;15045;15135;15045;15135;2636
2024-10-23;23/10/2024;15060;15300;15060;15300;5308
2024-10-24;24/10/2024;15300;15300;15150;15150;1021
2024-10-25;25/10/2024;15300;15300;15300;15300;600
2024-10-28;28/10/2024;15350;15690;15350;15690;1494
2024-10-29;29/10/2024;15695;15695;15690;15690;5285
2024-10-30;30/10/2024;15700;15725;15700;15725;690
2024-10-31;31/10/2024;16200;16200;15800;15800;523
2024-11-01;01/11/2024;16200;16200;15800;15800;523
2024-11-04;04/11/2024;15725;16100;15725;16100;678
2024-11-05;05/11/2024;16100;16100;15905;15905;670
2024-11-06;06/11/2024;15900;15905;15900;15905;1980
2024-11-07;07/11/2024;15850;16100;15850;16100;831
2024-11-08;08/11/2024;16195;16195;16175;16175;5847
2024-11-11;11/11/2024;17000;17385;17000;17385;3262
2024-11-12;12/11/2024;17600;17600;16630;16630;3354
2024-11-13;13/11/2024;17200;17200;17000;17000;324
2024-11-14;14/11/2024;17295;17295;17095;17095;692
2024-11-15;15/11/2024;17295;17295;17095;17095;692
2024-11-18;18/11/2024;17100;17200;17100;17200;7134
2024-11-19;19/11/2024;17100;17350;17100;17350;1965
2024-11-20;20/11/2024;17350;17350;17350;17350;1922
2024-11-21;21/11/2024;17340;17340;17300;17300;754
2024-11-22;22/11/2024;17300;17350;17300;17350;2320
2024-11-25;25/11/2024;17350;17350;17340;17340;790
2024-11-26;26/11/2024;17300;17340;17300;17340;885
2024-11-27;27/11/2024;17340;17350;17340;17350;985
2024-11-28;28/11/2024;17350;17350;17350;17350;480
2024-11-29;29/11/2024;17340;17350;17340;17350;1703
2024-12-02;02/12/2024;17300;17300;17300;17300;3225
2024-12-03;03/12/2024;17350;17350;17350;17350;3132
2024-12-04;04/12/2024;17300;17300;17300;17300;310
2024-12-05;05/12/2024;17300;17500;17300;17500;7786
2024-12-06;06/12/2024;17500;17500;17500;17500;8680
2024-12-09;09/12/2024;17500;17500;17400;17400;3291
2024-12-10;10/12/2024;17400;17500;17400;17500;3592
2024-12-11;11/12/2024;17500;17500;17450;17450;4106
2024-12-12;12/12/2024;17450;17450;17450;17450;12923
2024-12-13;13/12/2024;17450;17500;17450;17500;19199
2024-12-16;16/12/2024;17500;17500;17500;17500;1839
2024-12-17;17/12/2024;17500;17500;17450;17450;14185
2024-12-18;18/12/2024;17500;17500;17105;17105;3528
2024-12-19;19/12/2024;17360;17400;17360;17400;20124
2024-12-20;20/12/2024;17400;17400;17200;17200;795
2024-12-23;23/12/2024;17300;17500;17300;17500;290
2024-12-24;24/12/2024;17000;17000;17000;17000;67936
2024-12-25;25/12/2024;17360;17360;17000;17000;67936
2024-12-26;26/12/2024;17000;17000;17000;17000;21174
2024-12-27;27/12/2024;17000;17000;17000;17000;290
2024-12-30;30/12/2024;17000;17000;17000;17000;1407
2024-12-31;31/12/2024;17000;17500;17000;17500;8308
2025-01-01;01/01/2025;17000;17500;17000;17500;8308
2025-01-02;02/01/2025;17400;17500;17400;17500;923
2025-01-03;03/01/2025;17500;17550;17500;17550;308
2025-01-06;06/01/2025;17550;17550;17550;17550;1066
2025-01-07;07/01/2025;17550;17850;17550;17850;2744
2025-01-08;08/01/2025;19185;19185;17305;17305;11017
2025-01-09;09/01/2025;17800;17800;17500;17500;851
2025-01-10;10/01/2025;17500;17500;17005;17005;3453
2025-01-13;13/01/2025;17500;17800;17500;17800;3726
2025-01-14;14/01/2025;17790;17790;17150;17150;1008
2025-01-15;15/01/2025;17050;17150;17050;17150;2345
2025-01-16;16/01/2025;17150;17205;17150;17205;3279
2025-01-17;17/01/2025;17985;17985;17500;17500;3116
2025-01-20;20/01/2025;17585;17585;17500;17500;657
2025-01-21;21/01/2025;17500;17500;17500;17500;3340
2025-01-22;22/01/2025;17500;17500;17500;17500;3258
2025-01-23;23/01/2025;17700;17800;17700;17800;3523
2025-01-24;24/01/2025;17800;17850;17800;17850;4759
2025-01-27;27/01/2025;18000;18000;18000;18000;566
2025-01-28;28/01/2025;18000;18000;18000;18000;458
2025-01-29;29/01/2025;17800;18000;17800;18000;5250
2025-01-30;30/01/2025;17900;17900;17895;17895;3872
2025-01-31;31/01/2025;17895;17895;17700;17700;3361
2025-02-03;03/02/2025;17700;17700;17700;17700;3694
2025-02-04;04/02/2025;17700;17800;17700;17800;1205
2025-02-05;05/02/2025;17500;17800;17500;17800;743
2025-02-06;06/02/2025;17800;17800;17795;17795;672
2025-02-07;07/02/2025;17770;17770;17700;17700;180
2025-02-10;10/02/2025;17700;17700;17500;17500;2071
2025-02-11;11/02/2025;17500;17500;17500;17500;1387
2025-02-12;12/02/2025;17500;17655;17500;17655;3839
2025-02-13;13/02/2025;17655;17700;17655;17700;1467
2025-02-14;14/02/2025;17695;17695;17655;17655;910
2025-02-17;17/02/2025;17600;17600;17600;17600;1545
2025-02-18;18/02/2025;17500;17500;17300;17300;2237
2025-02-19;19/02/2025;17600;17600;17600;17600;1282
2025-02-20;20/02/2025;17650;17985;17650;17985;1566
2025-02-21;21/02/2025;18000;18000;18000;18000;1883
2025-02-24;24/02/2025;17985;17985;17580;17580;17663
2025-02-25;25/02/2025;17200;17200;17200;17200;5581
2025-02-26;26/02/2025;16850;17500;16850;17500;3612
2025-02-28;28/02/2025;17600;17600;17600;17600;355
2025-03-03;03/03/2025;17600;17600;17495;17495;1033
2025-03-04;04/03/2025;17490;17490;17000;17000;725
2025-03-05;05/03/2025;16900;16900;16900;16900;2463
2025-03-06;06/03/2025;16800;16900;16800;16900;1182
2025-03-07;07/03/2025;16600;16900;16600;16900;4147
2025-03-10;10/03/2025;16000;16450;16000;16450;990
2025-03-11;11/03/2025;16300;16300;16300;16300;1005
2025-03-12;12/03/2025;16000;16200;16000;16200;1814
2025-03-13;13/03/2025;16200;16200;16200;16200;1321
2025-03-14;14/03/2025;16000;16195;16000;16195;421
2025-03-17;17/03/2025;16000;16000;16000;16000;1964
2025-03-18;18/03/2025;15890;15890;15700;15700;447
2025-03-19;19/03/2025;15380;15380;14800;14800;6149
2025-03-20;20/03/2025;14750;14750;13970;13970;4037
2025-03-21;21/03/2025;12925;13000;12925;13000;3062
2025-03-24;24/03/2025;13250;13300;13250;13300;3732
2025-03-25;25/03/2025;13700;13700;13600;13600;9868
2025-03-26;26/03/2025;13600;13970;13600;13970;2438
2025-03-27;27/03/2025;13600;13970;13600;13970;2438
2025-03-28;28/03/2025;13800;14500;13800;14500;2396
2025-03-31;31/03/2025;13800;14500;13800;14500;2396
2025-04-01;01/04/2025;15000;15000;14900;14900;2653
2025-04-02;02/04/2025;14600;14800;14600;14800;3099
2025-04-03;03/04/2025;14805;14900;14805;14900;1529
2025-04-04;04/04/2025;14900;15150;14900;15150;6010
2025-04-07;07/04/2025;15195;15195;15150;15150;980
2025-04-08;08/04/2025;15200;15200;14985;14985;4714
2025-04-09;09/04/2025;14985;14985;14505;14505;4780
2025-04-10;10/04/2025;14505;15200;14505;15200;6493
2025-04-11;11/04/2025;15200;15745;15200;15745;587
2025-04-14;14/04/2025;15300;15300;14605;14605;1861
2025-04-15;15/04/2025;14605;14605;14500;14500;1602
2025-04-16;16/04/2025;14500;14500;14500;14500;7872
2025-04-17;17/04/2025;14500;14995;14500;14995;1204
2025-04-18;18/04/2025;14995;14995;14055;14055;3490
2025-04-21;21/04/2025;14995;14995;14055;14055;3490
2025-04-22;22/04/2025;14995;14995;14900;14900;477
2025-04-23;23/04/2025;14990;14990;14300;14300;2332
2025-04-24;24/04/2025;14900;14900;14850;14850;2500
2025-04-25;25/04/2025;14850;14850;14500;14500;765
2025-04-28;28/04/2025;14500;14500;14200;14200;993
2025-04-29;29/04/2025;14200;14700;14200;14700;1443
2025-04-30;30/04/2025;14700;14700;14695;14695;145
2025-05-01;01/05/2025;14700;14700;14695;14695;145
2025-05-02;02/05/2025;14700;14800;14700;14800;411
2025-05-05;05/05/2025;14705;14705;14700;14700;820
2025-05-06;06/05/2025;14750;14940;14750;14940;648
2025-05-07;07/05/2025;14775;15000;14775;15000;1419
2025-05-08;08/05/2025;15000;15300;15000;15300;1044
2025-05-09;09/05/2025;15000;15500;15000;15500;204
2025-05-12;12/05/2025;15600;15600;15500;15500;548
2025-05-13;13/05/2025;15700;15700;15500;15500;2349
2025-05-14;14/05/2025;15000;15500;15000;15500;2646
2025-05-15;15/05/2025;15500;15500;15500;15500;258
2025-05-16;16/05/2025;14915;15495;14915;15495;980
2025-05-19;19/05/2025;15495;15495;15495;15495;249
2025-05-20;20/05/2025;15495;15495;15400;15400;1086
2025-05-21;21/05/2025;15350;15850;15350;15850;1718
2025-05-22;22/05/2025;15850;15850;15765;15765;417
2025-05-23;23/05/2025;15795;15800;15795;15800;937
2025-05-26;26/05/2025;15900;15900;15900;15900;495
2025-05-27;27/05/2025;15750;15795;15750;15795;1344
2025-05-28;28/05/2025;15800;15800;15790;15790;3302
2025-05-29;29/05/2025;15800;15800;15790;15790;3302
2025-05-30;30/05/2025;15785;15790;15785;15790;541
2025-06-02;02/06/2025;15790;15790;15785;15785;807
2025-06-03;03/06/2025;14925;15775;14925;15775;1068
2025-06-04;04/06/2025;15775;15775;15555;15555;575
2025-06-05;05/06/2025;15550;15550;15550;15550;1018
2025-06-10;10/06/2025;15555;15750;15555;15750;958
2025-06-11;11/06/2025;16000;16000;15750;15750;561
2025-06-12;12/06/2025;15650;15915;15650;15915;7335
2025-06-13;13/06/2025;15600;15600;15600;15600;8087
2025-06-16;16/06/2025;15600;15600;15500;15500;1779
2025-06-17;17/06/2025;15500;15550;15500;15550;3811
2025-06-18;18/06/2025;15500;15500;15400;15400;923
2025-06-19;19/06/2025;15025;15400;15025;15400;1558
2025-06-20;20/06/2025;15400;15500;15400;15500;3207
2025-06-23;23/06/2025;15400;15500;15400;15500;11706
2025-06-24;24/06/2025;15000;15490;15000;15490;2273
2025-06-25;25/06/2025;15400;15400;15000;15000;2802
2025-06-26;26/06/2025;15000;15390;15000;15390;3779
2025-06-27;27/06/2025;15390;15390;15390;15390;509
2025-06-30;30/06/2025;14800;15350;14800;15350;809
2025-07-01;01/07/2025;15250;15250;15000;15000;1454
2025-07-02;02/07/2025;15000;15000;14500;14500;1872
2025-07-03;03/07/2025;14005;14500;14005;14500;1841
2025-07-04;04/07/2025;14500;14500;14405;14405;1030
2025-07-07;07/07/2025;14400;14500;14400;14500;5578
2025-07-08;08/07/2025;14500;14500;14490;14490;710
2025-07-09;09/07/2025;14300;14490;14300;14490;2084
2025-07-10;10/07/2025;14490;14490;14000;14000;8108
2025-07-11;11/07/2025;14400;14400;14100;14100;841
2025-07-14;14/07/2025;14020;14020;14000;14000;4296
2025-07-15;15/07/2025;14000;14500;14000;14500;6649
2025-07-16;16/07/2025;14510;15000;14510;15000;5321
2025-07-17;17/07/2025;15325;15325;14500;14500;2372
2025-07-18;18/07/2025;14510;14510;14500;14500;527
2025-07-21;21/07/2025;14500;14500;14200;14200;887
2025-07-22;22/07/2025;14595;14595;14595;14595;971
2025-07-23;23/07/2025;14595;14595;14300;14300;3908
2025-07-24;24/07/2025;14300;14300;14250;14250;2112
2025-07-25;25/07/2025;14200;14200;14000;14000;1700
2025-07-28;28/07/2025;14000;14100;14000;14100;2647
2025-07-29;29/07/2025;14100;14100;14000;14000;1731
2025-07-30;30/07/2025;14000;14100;14000;14100;1354
2025-07-31;31/07/2025;14100;14100;14050;14050;487
2025-08-01;01/08/2025;14005;14250;14005;14250;4248
2025-08-04;04/08/2025;14250;14250;14200;14200;497
2025-08-05;05/08/2025;14200;14200;14150;14150;10867
2025-08-06;06/08/2025;14150;14150;14000;14000;314
2025-08-07;07/08/2025;14150;14150;14000;14000;314
2025-08-08;08/08/2025;14000;14100;14000;14100;12002
2025-08-11;11/08/2025;14100;14150;14100;14150;8971
2025-08-12;12/08/2025;14000;14150;14000;14150;1533
2025-08-13;13/08/2025;14000;14165;14000;14165;618
2025-08-14;14/08/2025;14170;14580;14170;14580;522
2025-08-15;15/08/2025;14170;14580;14170;14580;522
2025-08-18;18/08/2025;14575;14575;14570;14570;771
2025-08-19;19/08/2025;14570;14700;14570;14700;1535
2025-08-20;20/08/2025;14570;14570;14450;14450;5720
2025-08-21;21/08/2025;14800;14800;14800;14800;1851
2025-08-22;22/08/2025;14995;14995;14805;14805;1453
2025-08-25;25/08/2025;14990;14990;14600;14600;481
2025-08-26;26/08/2025;14600;15000;14600;15000;1046
2025-08-27;27/08/2025;14700;14700;14700;14700;1045
2025-08-28;28/08/2025;14900;14900;14900;14900;607
2025-08-29;29/08/2025;14900;15000;14900;15000;9584
2025-09-01;01/09/2025;14800;14900;14800;14900;1389
2025-09-02;02/09/2025;14900;14900;14900;14900;146
2025-09-03;03/09/2025;14900;14900;14900;14900;1293
2025-09-04;04/09/2025;14900;14900;14900;14900;1293
2025-09-05;05/09/2025;14850;14850;14600;14600;474
2025-09-08;08/09/2025;14020;14600;14020;14600;4046
2025-09-09;09/09/2025;14600;14600;14600;14600;487
2025-09-10;10/09/2025;14600;14600;14200;14200;1465
2025-09-11;11/09/2025;14200;14205;14200;14205;1236
2025-09-12;12/09/2025;14300;14400;14300;14400;785
2025-09-15;15/09/2025;14400;14400;14400;14400;1305
2025-09-16;16/09/2025;14400;14500;14400;14500;694
2025-09-17;17/09/2025;14500;14500;14500;14500;3178
2025-09-18;18/09/2025;14500;14900;14500;14900;2259
2025-09-19;19/09/2025;14500;14800;14500;14800;360
2025-09-22;22/09/2025;14900;14900;14500;14500;1290
2025-09-23;23/09/2025;14500;14500;14475;14475;566
2025-09-24;24/09/2025;14475;14650;14475;14650;1943
2025-09-25;25/09/2025;14475;14650;14475;14650;1315
2025-09-26;26/09/2025;14600;14650;14600;14650;885
2025-09-29;29/09/2025;14745;14745;14600;14600;631
2025-09-30;30/09/2025;14650;14650;14650;14650;843
2025-10-01;01/10/2025;14800;14800;14800;14800;468
2025-10-02;02/10/2025;14800;14800;14800;14800;1174
2025-10-03;03/10/2025;14800;14800;14305;14305;663
2025-10-06;06/10/2025;14300;14995;14300;14995;1703
2025-10-07;07/10/2025;14900;14900;14700;14700;1208
2025-10-08;08/10/2025;14700;14700;14700;14700;896
2025-10-09;09/10/2025;14600;14700;14600;14700;7087
2025-10-10;10/10/2025;14255;14550;14255;14550;404
2025-10-13;13/10/2025;14700;14700;14510;14510;834
2025-10-14;14/10/2025;14550;14550;14310;14310;1862
2025-10-15;15/10/2025;14500;14500;14500;14500;1839
2025-10-16;16/10/2025;14500;14500;14400;14400;1352
2025-10-17;17/10/2025;14350;14400;14350;14400;1011
2025-10-20;20/10/2025;14400;14900;14400;14900;11495
2025-10-21;21/10/2025;15000;15000;14945;14945;2497
2025-10-22;22/10/2025;14840;15000;14840;15000;1382
2025-10-23;23/10/2025;15000;15000;14530;14530;7728
2025-10-24;24/10/2025;14530;14800;14530;14800;1563
2025-10-27;27/10/2025;14800;14800;14800;14800;1944
2025-10-28;28/10/2025;14700;14700;14500;14500;8554
2025-10-29;29/10/2025;14500;14500;14485;14485;1933
2025-10-30;30/10/2025;14485;14490;14485;14490;3065
2025-10-31;31/10/2025;14490;14490;14480;14480;852
2025-11-03;03/11/2025;14400;14405;14400;14405;886
2025-11-04;04/11/2025;14400;14400;14400;14400;3227
2025-11-05;05/11/2025;14400;14400;14200;14200;2778
2025-11-06;06/11/2025;14200;14605;14200;14605;2229
2025-11-07;07/11/2025;14155;14155;14155;14155;0
2025-11-10;10/11/2025;14200;14205;14200;14205;27465
2025-11-11;11/11/2025;14210;14600;14210;14600;10235
2025-11-12;12/11/2025;14600;14600;14550;14550;503
2025-11-13;13/11/2025;14500;14500;14280;14280;995
2025-11-14;14/11/2025;14280;14300;14280;14300;838
2025-11-17;17/11/2025;14300;14450;14300;14450;540
2025-11-18;18/11/2025;14300;14450;14300;14450;3652
2025-11-19;19/11/2025;14450;14500;14450;14500;20702
2025-11-20;20/11/2025;14450;14700;14450;14700;1639
2025-11-21;21/11/2025;14700;15000;14700;15000;2309
2025-11-24;24/11/2025;14990;14990;14550;14550;1157
2025-11-25;25/11/2025;14650;14650;14650;14650;218
2025-11-26;26/11/2025;14525;15280;14525;15280;5295
2025-11-27;27/11/2025;15280;15280;15200;15200;1420
2025-11-28;28/11/2025;14510;14650;14510;14650;2097
2025-12-01;01/12/2025;15095;15655;15095;15655;1524
2025-12-02;02/12/2025;14950;15000;14950;15000;181
2025-12-03;03/12/2025;15000;15160;15000;15160;1167
2025-12-04;04/12/2025;15000;15200;15000;15200;699
2025-12-05;05/12/2025;15200;15200;15200;15200;388
2025-12-08;08/12/2025;15495;15495;15300;15300;640
2025-12-09;09/12/2025;15300;15350;15300;15350;317
2025-12-10;10/12/2025;15350;15350;15350;15350;374
2025-12-11;11/12/2025;15345;15345;15150;15150;1473
2025-12-12;12/12/2025;15150;15150;15100;15100;325
2025-12-15;15/12/2025;15100;15100;15095;15095;2162
2025-12-16;16/12/2025;14500;14800;14500;14800;5553
2025-12-17;17/12/2025;14800;14900;14800;14900;408
2025-12-18;18/12/2025;14800;14800;14300;14300;3139
2025-12-19;19/12/2025;14400;14500;14400;14500;466
2025-12-22;22/12/2025;14510;14600;14510;14600;2134
2025-12-23;23/12/2025;14600;14600;14500;14500;2691
2025-12-24;24/12/2025;14790;14790;14600;14600;342
2025-12-25;25/12/2025;14790;14790;14600;14600;342
2025-12-26;26/12/2025;14610;14610;14500;14500;1001
2025-12-29;29/12/2025;14490;14490;14480;14480;2896
2025-12-30;30/12/2025;14000;14300;14000;14300;6686
2025-12-31;31/12/2025;14290;14290;14250;14250;1783
2026-01-01;01/01/2026;14290;14290;14250;14250;1783
2026-01-02;02/01/2026;14250;14250;14055;14055;2639
2026-01-05;05/01/2026;14200;14200;14020;14020;1646
2026-01-06;06/01/2026;14030;14190;14030;14190;1429
2026-01-07;07/01/2026;14190;14190;14190;14190;1514
2026-01-08;08/01/2026;14190;14190;14100;14100;1270
2026-01-09;09/01/2026;14100;14135;14100;14135;4530
2026-01-12;12/01/2026;14130;14130;14000;14000;3757
2026-01-13;13/01/2026;13800;14025;13800;14025;1636
2026-01-14;14/01/2026;14020;14100;14020;14100;12148
2026-01-15;15/01/2026;14100;14450;14100;14450;811
2026-01-16;16/01/2026;14450;14450;14450;14450;1115
2026-01-19;19/01/2026;14450;14470;14450;14470;854
2026-01-20;20/01/2026;14470;14470;14205;14205;734
2026-01-21;21/01/2026;14490;14500;14490;14500;1775
2026-01-22;22/01/2026;14100;14400;14100;14400;1728
2026-01-23;23/01/2026;14400;14400;14400;14400;591
2026-01-26;26/01/2026;14300;14350;14300;14350;1045
2026-01-27;27/01/2026;14400;14400;14400;14400;1134
2026-01-28;28/01/2026;14300;14390;14300;14390;768
2026-01-29;29/01/2026;14395;14450;14395;14450;1359
2026-01-30;30/01/2026;14450;14490;14450;14490;556
2026-02-02;02/02/2026;14450;14490;14450;14490;1325
2026-02-03;03/02/2026;14600;14650;14600;14650;264
2026-02-04;04/02/2026;14550;14795;14550;14795;637
2026-02-05;05/02/2026;14800;14800;14800;14800;1973
2026-02-06;06/02/2026;14800;14995;14800;14995;820
2026-02-09;09/02/2026;15000;15100;15000;15100;1437
2026-02-10;10/02/2026;15000;15100;15000;15100;1677
2026-02-11;11/02/2026;15000;15200;15000;15200;4876
2026-02-12;12/02/2026;15200;15200;15100;15100;4093
2026-02-13;13/02/2026;15100;15100;15100;15100;1730
2026-02-16;16/02/2026;15150;15150;15150;15150;3293
2026-02-17;17/02/2026;15150;15155;15150;15155;4754
2026-02-18;18/02/2026;15145;15145;14105;14105;11103
2026-02-19;19/02/2026;14120;14600;14120;14600;4667
2026-02-20;20/02/2026;15000;15005;15000;15005;7136
2026-02-23;23/02/2026;15005;15200;15005;15200;2655
2026-02-24;24/02/2026;15205;15500;15205;15500;896
2026-02-25;25/02/2026;15445;15650;15445;15650;21429
2026-02-26;26/02/2026;15550;15690;15550;15690;4150
2026-02-27;27/02/2026;15690;15690;15555;15555;2583
2026-03-02;02/03/2026;15555;15600;15555;15600;1665
2026-03-03;03/03/2026;15600;15900;15600;15900;1927
2026-03-04;04/03/2026;15900;15900;15900;15900;5352
2026-03-05;05/03/2026;15605;15605;15600;15600;747
2026-03-06;06/03/2026;15600;15650;15600;15650;3534
2026-03-09;09/03/2026;15650;15650;15555;15555;1397
2026-03-10;10/03/2026;15600;15600;15300;15300;1844
2026-03-11;11/03/2026;15505;15505;15300;15300;570
2026-03-12;12/03/2026;15300;15300;15205;15205;3705
2026-03-13;13/03/2026;15205;15205;15000;15000;1667
2026-03-16;16/03/2026;15205;15205;15000;15000;1667
2026-03-17;17/03/2026;15200;15200;15050;15050;642
2026-03-18;18/03/2026;15025;15050;15025;15050;500
2026-03-19;19/03/2026;15050;15050;14550;14550;2032
2026-03-20;20/03/2026;15050;15050;14550;14550;2032
2026-03-23;23/03/2026;15000;15000;14200;14200;8259
2026-03-24;24/03/2026;14500;14600;14500;14600;1115
2026-03-25;25/03/2026;14605;14605;14500;14500;1208
2026-03-26;26/03/2026;15000;15000;14655;14655;441
2026-03-27;27/03/2026;14800;15300;14800;15300;2926
2026-03-30;30/03/2026;15200;15200;14650;14650;666
2026-03-31;31/03/2026;14700;15200;14700;15200;499
2026-04-01;01/04/2026;15200;15200;15200;15200;708
2026-04-02;02/04/2026;15200;15200;15200;15200;946
2026-04-03;03/04/2026;15200;15200;15000;15000;1045
2026-04-06;06/04/2026;15200;15200;15000;15000;1045
2026-04-07;07/04/2026;15300;15300;15200;15200;1154
2026-04-08;08/04/2026;15200;15200;15000;15000;614
2026-04-09;09/04/2026;15100;15100;15100;15100;531
2026-04-10;10/04/2026;15100;15100;15005;15005;299
2026-04-13;13/04/2026;15200;15200;14790;14790;2356
2026-04-14;14/04/2026;15180;15180;15170;15170;219
2026-04-15;15/04/2026;15170;15170;15165;15165;1062
2026-04-16;16/04/2026;15175;15175;15000;15000;1688
2026-04-17;17/04/2026;15175;15175;14700;14700;1951
2026-04-20;20/04/2026;15100;15100;14900;14900;165
2026-04-21;21/04/2026;14905;14905;14905;14905;644
2026-04-22;22/04/2026;14905;15000;14905;15000;1010
2026-04-23;23/04/2026;15000;15000;14900;14900;1095
2026-04-24;24/04/2026;14950;14950;14900;14900;157
2026-04-27;27/04/2026;15000;15000;14650;14650;1458
2026-04-28;28/04/2026;14650;15250;14650;15250;753
2026-04-29;29/04/2026;15250;15250;14660;14660;928
2026-04-30;30/04/2026;14675;15200;14675;15200;85
2026-05-01;01/05/2026;14675;15200;14675;15200;85
2026-05-04;04/05/2026;15250;15250;15000;15000;1192
2026-05-05;05/05/2026;15470;15470;15000;15000;431
2026-05-06;06/05/2026;15000;15200;15000;15200;2240
2026-05-07;07/05/2026;15200;15200;14900;14900;260
2026-05-08;08/05/2026;14920;14920;14920;14920;350
2026-05-11;11/05/2026;14920;15100;14920;15100;899
2026-05-12;12/05/2026;15100;15100;15050;15050;492
2026-05-13;13/05/2026;15100;15100;15000;15000;1336
2026-05-14;14/05/2026;15100;15100;15000;15000;1336
2026-05-15;15/05/2026;15200;15200;15150;15150;618
2026-05-18;18/05/2026;15050;15600;15050;15600;3521
2026-05-19;19/05/2026;15700;15700;15650;15650;3056
2026-05-20;20/05/2026;15660;15660;15505;15505;2842
2026-05-21;21/05/2026;15650;15650;15650;15650;3511
2026-05-22;22/05/2026;15650;15650;15550;15550;5614
2026-05-25;25/05/2026;15650;15650;15550;15550;5614
2026-05-26;26/05/2026;16000;16000;15700;15700;348
2026-05-27;27/05/2026;16000;16000;15700;15700;348
2026-05-28;28/05/2026;15800;16000;15800;16000;2085
2026-05-29;29/05/2026;15800;16000;15800;16000;5331
2026-06-01;01/06/2026;16000;16000;16000;16000;5151
2026-06-02;02/06/2026;16000;16000;15705;15705;2233
2026-06-03;03/06/2026;16000;16200;16000;16200;2455
2026-06-04;04/06/2026;16255;16975;16255;16975;1662
2026-06-05;05/06/2026;16950;16950;16605;16605;1408
2026-06-08;08/06/2026;16605;16605;16000;16000;2807
2026-06-09;09/06/2026;16000;16000;15950;15950;967
2026-06-10;10/06/2026;15950;15950;15900;15900;3048
2026-06-11;11/06/2026;15500;15555;15500;15555;1661
2026-06-12;12/06/2026;15500;15650;15500;15650;1897
2026-06-15;15/06/2026;15650;15800;15650;15800;707
2026-06-16;16/06/2026;15800;15850;15800;15850;3321
2026-06-17;17/06/2026;15850;15850;15805;15805;1081
2026-06-18;18/06/2026;15810;15900;15810;15900;679
2026-06-19;19/06/2026;15905;16695;15905;16695;2105
2026-06-22;22/06/2026;16700;16700;16700;16700;2794
2026-06-23;23/06/2026;16695;16695;16695;16695;844
2026-06-24;24/06/2026;16055;16145;16055;16145;1330
2026-06-25;25/06/2026;16145;16695;16145;16695;1309
2026-06-26;26/06/2026;16145;16700;16145;16700;1424
2026-06-29;29/06/2026;16700;16700;16700;16700;360
2026-06-30;30/06/2026;16700;16700;16700;16700;225
