section,indicator,country,period,value,unit,source
1_Taux_directeurs_BCEAO,Taux pret marginal,UEMOA,déc-19,0.045,pct,BCEAO - Bulletin mensuel des statistiques - Mars 2026
1_Taux_directeurs_BCEAO,Taux minimum appels offres,UEMOA,déc-19,0.025,pct,BCEAO - Bulletin mensuel des statistiques - Mars 2026
1_Taux_directeurs_BCEAO,Taux pret marginal,UEMOA,déc-20,0.04,pct,BCEAO - Bulletin mensuel des statistiques - Mars 2026
1_Taux_directeurs_BCEAO,Taux minimum appels offres,UEMOA,déc-20,0.02,pct,BCEAO - Bulletin mensuel des statistiques - Mars 2026
1_Taux_directeurs_BCEAO,Taux pret marginal,UEMOA,déc-21,0.04,pct,BCEAO - Bulletin mensuel des statistiques - Mars 2026
1_Taux_directeurs_BCEAO,Taux minimum appels offres,UEMOA,déc-21,0.02,pct,BCEAO - Bulletin mensuel des statistiques - Mars 2026
1_Taux_directeurs_BCEAO,Taux pret marginal,UEMOA,déc-22,0.0475,pct,BCEAO - Bulletin mensuel des statistiques - Mars 2026
1_Taux_directeurs_BCEAO,Taux minimum appels offres,UEMOA,déc-22,0.0275,pct,BCEAO - Bulletin mensuel des statistiques - Mars 2026
1_Taux_directeurs_BCEAO,Taux pret marginal,UEMOA,déc-23,0.055,pct,BCEAO - Bulletin mensuel des statistiques - Mars 2026
1_Taux_directeurs_BCEAO,Taux minimum appels offres,UEMOA,déc-23,0.035,pct,BCEAO - Bulletin mensuel des statistiques - Mars 2026
1_Taux_directeurs_BCEAO,Taux pret marginal,UEMOA,déc-24,0.055,pct,BCEAO - Bulletin mensuel des statistiques - Mars 2026
1_Taux_directeurs_BCEAO,Taux minimum appels offres,UEMOA,déc-24,0.035,pct,BCEAO - Bulletin mensuel des statistiques - Mars 2026
1_Taux_directeurs_BCEAO,Taux pret marginal,UEMOA,juin-25,0.0525,pct,BCEAO - Bulletin mensuel des statistiques - Mars 2026
1_Taux_directeurs_BCEAO,Taux minimum appels offres,UEMOA,juin-25,0.0325,pct,BCEAO - Bulletin mensuel des statistiques - Mars 2026
1_Taux_directeurs_BCEAO,Taux pret marginal,UEMOA,déc-25,0.0525,pct,BCEAO - Bulletin mensuel des statistiques - Mars 2026
1_Taux_directeurs_BCEAO,Taux minimum appels offres,UEMOA,déc-25,0.0325,pct,BCEAO - Bulletin mensuel des statistiques - Mars 2026
1_Taux_directeurs_BCEAO,Taux pret marginal,UEMOA,mars-26,0.05,pct,BCEAO - Bulletin mensuel des statistiques - Mars 2026
1_Taux_directeurs_BCEAO,Taux minimum appels offres,UEMOA,mars-26,0.03,pct,BCEAO - Bulletin mensuel des statistiques - Mars 2026
2_Marche_monetaire,Encours refinancement banques,UEMOA,nov-25,8123.54,Mds_FCFA,BCEAO - Bulletin mensuel des statistiques - Mars 2026
2_Marche_monetaire,Encours refinancement banques,UEMOA,déc-25,8320.8,Mds_FCFA,BCEAO - Bulletin mensuel des statistiques - Mars 2026
2_Marche_monetaire,TMP adjudication mensuelle,UEMOA,janv-26,0.044294,pct,BCEAO - Bulletin mensuel des statistiques - Mars 2026
2_Marche_monetaire,Encours refinancement banques,UEMOA,janv-26,7708.68,Mds_FCFA,BCEAO - Bulletin mensuel des statistiques - Mars 2026
2_Marche_monetaire,TMP adjudication mensuelle,UEMOA,fév-26,0.039197,pct,BCEAO - Bulletin mensuel des statistiques - Mars 2026
2_Marche_monetaire,Encours refinancement banques,UEMOA,fév-26,7341.01,Mds_FCFA,BCEAO - Bulletin mensuel des statistiques - Mars 2026
2_Marche_monetaire,TMP adjudication mensuelle,UEMOA,mars-26,0.035752,pct,BCEAO - Bulletin mensuel des statistiques - Mars 2026
2_Marche_monetaire,Encours refinancement banques,UEMOA,mars-26,6990.95,Mds_FCFA,BCEAO - Bulletin mensuel des statistiques - Mars 2026
2_Marche_monetaire,TMP adjudication hebdomadaire,UEMOA,nov-25,0.047592999999999996,pct,BCEAO - Bulletin mensuel des statistiques - Mars 2026
2_Marche_monetaire,TMP adjudication mensuelle,UEMOA,nov-25,0.047592999999999996,pct,BCEAO - Bulletin mensuel des statistiques - Mars 2026
2_Marche_monetaire,TMP adjudication hebdomadaire,UEMOA,déc-25,0.046784599999999996,pct,BCEAO - Bulletin mensuel des statistiques - Mars 2026
2_Marche_monetaire,TMP adjudication mensuelle,UEMOA,déc-25,0.046773999999999996,pct,BCEAO - Bulletin mensuel des statistiques - Mars 2026
2_Marche_monetaire,TMP adjudication hebdomadaire,UEMOA,janv-26,0.04429375,pct,BCEAO - Bulletin mensuel des statistiques - Mars 2026
2_Marche_monetaire,TMP adjudication hebdomadaire,UEMOA,fév-26,0.039196499999999995,pct,BCEAO - Bulletin mensuel des statistiques - Mars 2026
2_Marche_monetaire,TMP adjudication hebdomadaire,UEMOA,mars-26,0.035752,pct,BCEAO - Bulletin mensuel des statistiques - Mars 2026
3_Credits_Depots_UEMOA,Taux moyen credits,UEMOA,Moy. 2022,0.06480000000000001,pct,BCEAO - Bulletin mensuel des statistiques - Mars 2026
3_Credits_Depots_UEMOA,Taux moyen credits,UEMOA,Moy. 2023,0.0678,pct,BCEAO - Bulletin mensuel des statistiques - Mars 2026
3_Credits_Depots_UEMOA,Taux moyen credits,UEMOA,Moy. 2024,0.0676,pct,BCEAO - Bulletin mensuel des statistiques - Mars 2026
3_Credits_Depots_UEMOA,Taux moyen credits,UEMOA,mars-25,0.0678,pct,BCEAO - Bulletin mensuel des statistiques - Mars 2026
3_Credits_Depots_UEMOA,Taux moyen credits,UEMOA,nov-25,0.067,pct,BCEAO - Bulletin mensuel des statistiques - Mars 2026
3_Credits_Depots_UEMOA,Taux moyen credits,UEMOA,déc-25,0.068,pct,BCEAO - Bulletin mensuel des statistiques - Mars 2026
3_Credits_Depots_UEMOA,Taux moyen credits,UEMOA,janv-26,0.0681,pct,BCEAO - Bulletin mensuel des statistiques - Mars 2026
3_Credits_Depots_UEMOA,Taux moyen credits,UEMOA,fév-26,0.067,pct,BCEAO - Bulletin mensuel des statistiques - Mars 2026
3_Credits_Depots_UEMOA,Taux moyen credits,UEMOA,mars-26,0.07,pct,BCEAO - Bulletin mensuel des statistiques - Mars 2026
3_Credits_Depots_UEMOA,Taux moyen depots,UEMOA,Moy. 2022,0.0518,pct,BCEAO - Bulletin mensuel des statistiques - Mars 2026
3_Credits_Depots_UEMOA,Taux moyen depots,UEMOA,Moy. 2023,0.052199999999999996,pct,BCEAO - Bulletin mensuel des statistiques - Mars 2026
3_Credits_Depots_UEMOA,Taux moyen depots,UEMOA,Moy. 2024,0.0526,pct,BCEAO - Bulletin mensuel des statistiques - Mars 2026
3_Credits_Depots_UEMOA,Taux moyen depots,UEMOA,mars-25,0.0537,pct,BCEAO - Bulletin mensuel des statistiques - Mars 2026
3_Credits_Depots_UEMOA,Taux moyen depots,UEMOA,nov-25,0.055,pct,BCEAO - Bulletin mensuel des statistiques - Mars 2026
3_Credits_Depots_UEMOA,Taux moyen depots,UEMOA,déc-25,0.054900000000000004,pct,BCEAO - Bulletin mensuel des statistiques - Mars 2026
3_Credits_Depots_UEMOA,Taux moyen depots,UEMOA,janv-26,0.0513,pct,BCEAO - Bulletin mensuel des statistiques - Mars 2026
3_Credits_Depots_UEMOA,Taux moyen depots,UEMOA,fév-26,0.053899999999999997,pct,BCEAO - Bulletin mensuel des statistiques - Mars 2026
3_Credits_Depots_UEMOA,Taux moyen depots,UEMOA,mars-26,0.053099999999999994,pct,BCEAO - Bulletin mensuel des statistiques - Mars 2026
3_Credits_Depots_UEMOA,Marge interet,UEMOA,Moy. 2022,0.013000000000000001,pct,BCEAO - Bulletin mensuel des statistiques - Mars 2026
3_Credits_Depots_UEMOA,Marge interet,UEMOA,Moy. 2023,0.015600000000000001,pct,BCEAO - Bulletin mensuel des statistiques - Mars 2026
3_Credits_Depots_UEMOA,Marge interet,UEMOA,Moy. 2024,0.015,pct,BCEAO - Bulletin mensuel des statistiques - Mars 2026
3_Credits_Depots_UEMOA,Marge interet,UEMOA,mars-25,0.0141,pct,BCEAO - Bulletin mensuel des statistiques - Mars 2026
3_Credits_Depots_UEMOA,Marge interet,UEMOA,nov-25,0.012,pct,BCEAO - Bulletin mensuel des statistiques - Mars 2026
3_Credits_Depots_UEMOA,Marge interet,UEMOA,déc-25,0.0131,pct,BCEAO - Bulletin mensuel des statistiques - Mars 2026
3_Credits_Depots_UEMOA,Marge interet,UEMOA,janv-26,0.0168,pct,BCEAO - Bulletin mensuel des statistiques - Mars 2026
3_Credits_Depots_UEMOA,Marge interet,UEMOA,fév-26,0.0131,pct,BCEAO - Bulletin mensuel des statistiques - Mars 2026
3_Credits_Depots_UEMOA,Marge interet,UEMOA,mars-26,0.0169,pct,BCEAO - Bulletin mensuel des statistiques - Mars 2026
3_Credits_Depots_UEMOA,Volume nouveaux credits,UEMOA,Moy. 2022,1623.6,Mds_FCFA,BCEAO - Bulletin mensuel des statistiques - Mars 2026
3_Credits_Depots_UEMOA,Volume nouveaux credits,UEMOA,Moy. 2023,1631.8,Mds_FCFA,BCEAO - Bulletin mensuel des statistiques - Mars 2026
3_Credits_Depots_UEMOA,Volume nouveaux credits,UEMOA,Moy. 2024,1885.7,Mds_FCFA,BCEAO - Bulletin mensuel des statistiques - Mars 2026
3_Credits_Depots_UEMOA,Volume nouveaux credits,UEMOA,mars-25,1842.1,Mds_FCFA,BCEAO - Bulletin mensuel des statistiques - Mars 2026
3_Credits_Depots_UEMOA,Volume nouveaux credits,UEMOA,nov-25,1652.3,Mds_FCFA,BCEAO - Bulletin mensuel des statistiques - Mars 2026
3_Credits_Depots_UEMOA,Volume nouveaux credits,UEMOA,déc-25,2522.7,Mds_FCFA,BCEAO - Bulletin mensuel des statistiques - Mars 2026
3_Credits_Depots_UEMOA,Volume nouveaux credits,UEMOA,janv-26,1369.1,Mds_FCFA,BCEAO - Bulletin mensuel des statistiques - Mars 2026
3_Credits_Depots_UEMOA,Volume nouveaux credits,UEMOA,fév-26,1453,Mds_FCFA,BCEAO - Bulletin mensuel des statistiques - Mars 2026
3_Credits_Depots_UEMOA,Volume nouveaux credits,UEMOA,mars-26,1717.1,Mds_FCFA,BCEAO - Bulletin mensuel des statistiques - Mars 2026
4_Inflation_pays_UEMOA,IPC glissement annuel,Benin,Moy. 2023,0.027000000000000003,pct,BCEAO - Bulletin mensuel des statistiques - Mars 2026
4_Inflation_pays_UEMOA,IPC glissement annuel,Benin,Moy. 2024,0.012,pct,BCEAO - Bulletin mensuel des statistiques - Mars 2026
4_Inflation_pays_UEMOA,IPC glissement annuel,Benin,Moy. 2025,0.011000000000000001,pct,BCEAO - Bulletin mensuel des statistiques - Mars 2026
4_Inflation_pays_UEMOA,IPC glissement annuel,Benin,mars-25,0.006999999999999999,pct,BCEAO - Bulletin mensuel des statistiques - Mars 2026
4_Inflation_pays_UEMOA,IPC glissement annuel,Benin,déc-25,0.013999999999999999,pct,BCEAO - Bulletin mensuel des statistiques - Mars 2026
4_Inflation_pays_UEMOA,IPC glissement annuel,Benin,janv-26,0.009000000000000001,pct,BCEAO - Bulletin mensuel des statistiques - Mars 2026
4_Inflation_pays_UEMOA,IPC glissement annuel,Benin,fév-26,-0.001,pct,BCEAO - Bulletin mensuel des statistiques - Mars 2026
4_Inflation_pays_UEMOA,IPC glissement annuel,Benin,mars-26,-0.004,pct,BCEAO - Bulletin mensuel des statistiques - Mars 2026
4_Inflation_pays_UEMOA,IPC glissement annuel,Burkina Faso,Moy. 2023,0.006999999999999999,pct,BCEAO - Bulletin mensuel des statistiques - Mars 2026
4_Inflation_pays_UEMOA,IPC glissement annuel,Burkina Faso,Moy. 2024,0.042,pct,BCEAO - Bulletin mensuel des statistiques - Mars 2026
4_Inflation_pays_UEMOA,IPC glissement annuel,Burkina Faso,Moy. 2025,-0.005,pct,BCEAO - Bulletin mensuel des statistiques - Mars 2026
4_Inflation_pays_UEMOA,IPC glissement annuel,Burkina Faso,mars-25,0.023,pct,BCEAO - Bulletin mensuel des statistiques - Mars 2026
4_Inflation_pays_UEMOA,IPC glissement annuel,Burkina Faso,déc-25,-0.022000000000000002,pct,BCEAO - Bulletin mensuel des statistiques - Mars 2026
4_Inflation_pays_UEMOA,IPC glissement annuel,Burkina Faso,janv-26,0.002,pct,BCEAO - Bulletin mensuel des statistiques - Mars 2026
4_Inflation_pays_UEMOA,IPC glissement annuel,Burkina Faso,fév-26,0.008,pct,BCEAO - Bulletin mensuel des statistiques - Mars 2026
4_Inflation_pays_UEMOA,IPC glissement annuel,Burkina Faso,mars-26,0.004,pct,BCEAO - Bulletin mensuel des statistiques - Mars 2026
4_Inflation_pays_UEMOA,IPC glissement annuel,Cote d'Ivoire,Moy. 2023,0.044000000000000004,pct,BCEAO - Bulletin mensuel des statistiques - Mars 2026
4_Inflation_pays_UEMOA,IPC glissement annuel,Cote d'Ivoire,Moy. 2024,0.035,pct,BCEAO - Bulletin mensuel des statistiques - Mars 2026
4_Inflation_pays_UEMOA,IPC glissement annuel,Cote d'Ivoire,Moy. 2025,0.001,pct,BCEAO - Bulletin mensuel des statistiques - Mars 2026
4_Inflation_pays_UEMOA,IPC glissement annuel,Cote d'Ivoire,mars-25,0.005,pct,BCEAO - Bulletin mensuel des statistiques - Mars 2026
4_Inflation_pays_UEMOA,IPC glissement annuel,Cote d'Ivoire,déc-25,0.001,pct,BCEAO - Bulletin mensuel des statistiques - Mars 2026
4_Inflation_pays_UEMOA,IPC glissement annuel,Cote d'Ivoire,janv-26,0.013999999999999999,pct,BCEAO - Bulletin mensuel des statistiques - Mars 2026
4_Inflation_pays_UEMOA,IPC glissement annuel,Cote d'Ivoire,fév-26,0.019,pct,BCEAO - Bulletin mensuel des statistiques - Mars 2026
4_Inflation_pays_UEMOA,IPC glissement annuel,Cote d'Ivoire,mars-26,0.02,pct,BCEAO - Bulletin mensuel des statistiques - Mars 2026
4_Inflation_pays_UEMOA,IPC glissement annuel,Guinee-Bissau,Moy. 2023,0.07200000000000001,pct,BCEAO - Bulletin mensuel des statistiques - Mars 2026
4_Inflation_pays_UEMOA,IPC glissement annuel,Guinee-Bissau,Moy. 2024,0.037000000000000005,pct,BCEAO - Bulletin mensuel des statistiques - Mars 2026
4_Inflation_pays_UEMOA,IPC glissement annuel,Guinee-Bissau,Moy. 2025,0.009000000000000001,pct,BCEAO - Bulletin mensuel des statistiques - Mars 2026
4_Inflation_pays_UEMOA,IPC glissement annuel,Guinee-Bissau,mars-25,0.071,pct,BCEAO - Bulletin mensuel des statistiques - Mars 2026
4_Inflation_pays_UEMOA,IPC glissement annuel,Guinee-Bissau,déc-25,-0.027999999999999997,pct,BCEAO - Bulletin mensuel des statistiques - Mars 2026
4_Inflation_pays_UEMOA,IPC glissement annuel,Guinee-Bissau,janv-26,-0.03,pct,BCEAO - Bulletin mensuel des statistiques - Mars 2026
4_Inflation_pays_UEMOA,IPC glissement annuel,Guinee-Bissau,fév-26,-0.035,pct,BCEAO - Bulletin mensuel des statistiques - Mars 2026
4_Inflation_pays_UEMOA,IPC glissement annuel,Guinee-Bissau,mars-26,-0.043,pct,BCEAO - Bulletin mensuel des statistiques - Mars 2026
4_Inflation_pays_UEMOA,IPC glissement annuel,Mali,Moy. 2023,0.021,pct,BCEAO - Bulletin mensuel des statistiques - Mars 2026
4_Inflation_pays_UEMOA,IPC glissement annuel,Mali,Moy. 2024,0.032,pct,BCEAO - Bulletin mensuel des statistiques - Mars 2026
4_Inflation_pays_UEMOA,IPC glissement annuel,Mali,Moy. 2025,0.023,pct,BCEAO - Bulletin mensuel des statistiques - Mars 2026
4_Inflation_pays_UEMOA,IPC glissement annuel,Mali,mars-25,0.062,pct,BCEAO - Bulletin mensuel des statistiques - Mars 2026
4_Inflation_pays_UEMOA,IPC glissement annuel,Mali,déc-25,0.004,pct,BCEAO - Bulletin mensuel des statistiques - Mars 2026
4_Inflation_pays_UEMOA,IPC glissement annuel,Mali,janv-26,-0.008,pct,BCEAO - Bulletin mensuel des statistiques - Mars 2026
4_Inflation_pays_UEMOA,IPC glissement annuel,Mali,fév-26,0.006,pct,BCEAO - Bulletin mensuel des statistiques - Mars 2026
4_Inflation_pays_UEMOA,IPC glissement annuel,Mali,mars-26,0.006999999999999999,pct,BCEAO - Bulletin mensuel des statistiques - Mars 2026
4_Inflation_pays_UEMOA,IPC glissement annuel,Niger,Moy. 2023,0.037000000000000005,pct,BCEAO - Bulletin mensuel des statistiques - Mars 2026
4_Inflation_pays_UEMOA,IPC glissement annuel,Niger,Moy. 2024,0.091,pct,BCEAO - Bulletin mensuel des statistiques - Mars 2026
4_Inflation_pays_UEMOA,IPC glissement annuel,Niger,Moy. 2025,-0.047,pct,BCEAO - Bulletin mensuel des statistiques - Mars 2026
4_Inflation_pays_UEMOA,IPC glissement annuel,Niger,mars-25,0.037000000000000005,pct,BCEAO - Bulletin mensuel des statistiques - Mars 2026
4_Inflation_pays_UEMOA,IPC glissement annuel,Niger,déc-25,-0.094,pct,BCEAO - Bulletin mensuel des statistiques - Mars 2026
4_Inflation_pays_UEMOA,IPC glissement annuel,Niger,janv-26,-0.102,pct,BCEAO - Bulletin mensuel des statistiques - Mars 2026
4_Inflation_pays_UEMOA,IPC glissement annuel,Niger,fév-26,-0.10099999999999999,pct,BCEAO - Bulletin mensuel des statistiques - Mars 2026
4_Inflation_pays_UEMOA,IPC glissement annuel,Niger,mars-26,-0.098,pct,BCEAO - Bulletin mensuel des statistiques - Mars 2026
4_Inflation_pays_UEMOA,IPC glissement annuel,Senegal,Moy. 2023,0.059000000000000004,pct,BCEAO - Bulletin mensuel des statistiques - Mars 2026
4_Inflation_pays_UEMOA,IPC glissement annuel,Senegal,Moy. 2024,0.008,pct,BCEAO - Bulletin mensuel des statistiques - Mars 2026
4_Inflation_pays_UEMOA,IPC glissement annuel,Senegal,Moy. 2025,0.013999999999999999,pct,BCEAO - Bulletin mensuel des statistiques - Mars 2026
4_Inflation_pays_UEMOA,IPC glissement annuel,Senegal,mars-25,-0.002,pct,BCEAO - Bulletin mensuel des statistiques - Mars 2026
4_Inflation_pays_UEMOA,IPC glissement annuel,Senegal,déc-25,0.027999999999999997,pct,BCEAO - Bulletin mensuel des statistiques - Mars 2026
4_Inflation_pays_UEMOA,IPC glissement annuel,Senegal,janv-26,0.004,pct,BCEAO - Bulletin mensuel des statistiques - Mars 2026
4_Inflation_pays_UEMOA,IPC glissement annuel,Senegal,fév-26,0.008,pct,BCEAO - Bulletin mensuel des statistiques - Mars 2026
4_Inflation_pays_UEMOA,IPC glissement annuel,Senegal,mars-26,0.013999999999999999,pct,BCEAO - Bulletin mensuel des statistiques - Mars 2026
4_Inflation_pays_UEMOA,IPC glissement annuel,Togo,Moy. 2023,0.053,pct,BCEAO - Bulletin mensuel des statistiques - Mars 2026
4_Inflation_pays_UEMOA,IPC glissement annuel,Togo,Moy. 2024,0.028999999999999998,pct,BCEAO - Bulletin mensuel des statistiques - Mars 2026
4_Inflation_pays_UEMOA,IPC glissement annuel,Togo,Moy. 2025,0.004,pct,BCEAO - Bulletin mensuel des statistiques - Mars 2026
4_Inflation_pays_UEMOA,IPC glissement annuel,Togo,mars-25,0.018000000000000002,pct,BCEAO - Bulletin mensuel des statistiques - Mars 2026
4_Inflation_pays_UEMOA,IPC glissement annuel,Togo,déc-25,0,pct,BCEAO - Bulletin mensuel des statistiques - Mars 2026
4_Inflation_pays_UEMOA,IPC glissement annuel,Togo,janv-26,0,pct,BCEAO - Bulletin mensuel des statistiques - Mars 2026
4_Inflation_pays_UEMOA,IPC glissement annuel,Togo,fév-26,0.004,pct,BCEAO - Bulletin mensuel des statistiques - Mars 2026
4_Inflation_pays_UEMOA,IPC glissement annuel,Togo,mars-26,0.016,pct,BCEAO - Bulletin mensuel des statistiques - Mars 2026
4_Inflation_pays_UEMOA,IPC glissement annuel,UEMOA,Moy. 2023,0.037000000000000005,pct,BCEAO - Bulletin mensuel des statistiques - Mars 2026
4_Inflation_pays_UEMOA,IPC glissement annuel,UEMOA,Moy. 2024,0.035,pct,BCEAO - Bulletin mensuel des statistiques - Mars 2026
4_Inflation_pays_UEMOA,IPC glissement annuel,UEMOA,Moy. 2025,0,pct,BCEAO - Bulletin mensuel des statistiques - Mars 2026
4_Inflation_pays_UEMOA,IPC glissement annuel,UEMOA,mars-25,0.017,pct,BCEAO - Bulletin mensuel des statistiques - Mars 2026
4_Inflation_pays_UEMOA,IPC glissement annuel,UEMOA,déc-25,-0.008,pct,BCEAO - Bulletin mensuel des statistiques - Mars 2026
4_Inflation_pays_UEMOA,IPC glissement annuel,UEMOA,janv-26,-0.005,pct,BCEAO - Bulletin mensuel des statistiques - Mars 2026
4_Inflation_pays_UEMOA,IPC glissement annuel,UEMOA,fév-26,-0.001,pct,BCEAO - Bulletin mensuel des statistiques - Mars 2026
4_Inflation_pays_UEMOA,IPC glissement annuel,UEMOA,mars-26,0.001,pct,BCEAO - Bulletin mensuel des statistiques - Mars 2026
5_Reserves_Agregats,Circulation fiduciaire,Benin,fin_fev_2026,1047.4,Mds_FCFA,BCEAO - Bulletin mensuel des statistiques - Mars 2026
5_Reserves_Agregats,Circulation fiduciaire,Burkina Faso,fin_fev_2026,1700.4,Mds_FCFA,BCEAO - Bulletin mensuel des statistiques - Mars 2026
5_Reserves_Agregats,Circulation fiduciaire,Cote d'Ivoire,fin_fev_2026,6234.2,Mds_FCFA,BCEAO - Bulletin mensuel des statistiques - Mars 2026
5_Reserves_Agregats,Circulation fiduciaire,Guinee-Bissau,fin_fev_2026,309.3,Mds_FCFA,BCEAO - Bulletin mensuel des statistiques - Mars 2026
5_Reserves_Agregats,Circulation fiduciaire,Mali,fin_fev_2026,1031.1,Mds_FCFA,BCEAO - Bulletin mensuel des statistiques - Mars 2026
5_Reserves_Agregats,Circulation fiduciaire,Niger,fin_fev_2026,1097.9,Mds_FCFA,BCEAO - Bulletin mensuel des statistiques - Mars 2026
5_Reserves_Agregats,Circulation fiduciaire,Senegal,fin_fev_2026,3530.1,Mds_FCFA,BCEAO - Bulletin mensuel des statistiques - Mars 2026
5_Reserves_Agregats,Circulation fiduciaire,Togo,fin_fev_2026,380.7,Mds_FCFA,BCEAO - Bulletin mensuel des statistiques - Mars 2026
5_Reserves_Agregats,Circulation fiduciaire,Union,fin_fev_2026,15331.3,Mds_FCFA,BCEAO - Bulletin mensuel des statistiques - Mars 2026
5_Reserves_Agregats,Masse monetaire M2,Benin,fin_fev_2026,4302.4,Mds_FCFA,BCEAO - Bulletin mensuel des statistiques - Mars 2026
5_Reserves_Agregats,Masse monetaire M2,Burkina Faso,fin_fev_2026,7273.8,Mds_FCFA,BCEAO - Bulletin mensuel des statistiques - Mars 2026
5_Reserves_Agregats,Masse monetaire M2,Cote d'Ivoire,fin_fev_2026,25325.8,Mds_FCFA,BCEAO - Bulletin mensuel des statistiques - Mars 2026
5_Reserves_Agregats,Masse monetaire M2,Guinee-Bissau,fin_fev_2026,526,Mds_FCFA,BCEAO - Bulletin mensuel des statistiques - Mars 2026
5_Reserves_Agregats,Masse monetaire M2,Mali,fin_fev_2026,5537.1,Mds_FCFA,BCEAO - Bulletin mensuel des statistiques - Mars 2026
5_Reserves_Agregats,Masse monetaire M2,Niger,fin_fev_2026,2188.7,Mds_FCFA,BCEAO - Bulletin mensuel des statistiques - Mars 2026
5_Reserves_Agregats,Masse monetaire M2,Senegal,fin_fev_2026,11670.3,Mds_FCFA,BCEAO - Bulletin mensuel des statistiques - Mars 2026
5_Reserves_Agregats,Masse monetaire M2,Togo,fin_fev_2026,3217.5,Mds_FCFA,BCEAO - Bulletin mensuel des statistiques - Mars 2026
5_Reserves_Agregats,Masse monetaire M2,Union,fin_fev_2026,62084.6,Mds_FCFA,BCEAO - Bulletin mensuel des statistiques - Mars 2026
5_Reserves_Agregats,Actifs exterieurs nets,Benin,fin_fev_2026,1682,Mds_FCFA,BCEAO - Bulletin mensuel des statistiques - Mars 2026
5_Reserves_Agregats,Actifs exterieurs nets,Burkina Faso,fin_fev_2026,3402.6,Mds_FCFA,BCEAO - Bulletin mensuel des statistiques - Mars 2026
5_Reserves_Agregats,Actifs exterieurs nets,Cote d'Ivoire,fin_fev_2026,7934.9,Mds_FCFA,BCEAO - Bulletin mensuel des statistiques - Mars 2026
5_Reserves_Agregats,Actifs exterieurs nets,Guinee-Bissau,fin_fev_2026,291.5,Mds_FCFA,BCEAO - Bulletin mensuel des statistiques - Mars 2026
5_Reserves_Agregats,Actifs exterieurs nets,Mali,fin_fev_2026,982.6,Mds_FCFA,BCEAO - Bulletin mensuel des statistiques - Mars 2026
5_Reserves_Agregats,Actifs exterieurs nets,Niger,fin_fev_2026,508.9,Mds_FCFA,BCEAO - Bulletin mensuel des statistiques - Mars 2026
5_Reserves_Agregats,Actifs exterieurs nets,Senegal,fin_fev_2026,2670.8,Mds_FCFA,BCEAO - Bulletin mensuel des statistiques - Mars 2026
5_Reserves_Agregats,Actifs exterieurs nets,Togo,fin_fev_2026,1116,Mds_FCFA,BCEAO - Bulletin mensuel des statistiques - Mars 2026
5_Reserves_Agregats,Actifs exterieurs nets,Union,fin_fev_2026,15470.2,Mds_FCFA,BCEAO - Bulletin mensuel des statistiques - Mars 2026
5_Reserves_Agregats,Creances interieures,Benin,fin_fev_2026,3378.2,Mds_FCFA,BCEAO - Bulletin mensuel des statistiques - Mars 2026
5_Reserves_Agregats,Creances interieures,Burkina Faso,fin_fev_2026,5057.2,Mds_FCFA,BCEAO - Bulletin mensuel des statistiques - Mars 2026
5_Reserves_Agregats,Creances interieures,Cote d'Ivoire,fin_fev_2026,21856.8,Mds_FCFA,BCEAO - Bulletin mensuel des statistiques - Mars 2026
5_Reserves_Agregats,Creances interieures,Guinee-Bissau,fin_fev_2026,306.8,Mds_FCFA,BCEAO - Bulletin mensuel des statistiques - Mars 2026
5_Reserves_Agregats,Creances interieures,Mali,fin_fev_2026,5750.7,Mds_FCFA,BCEAO - Bulletin mensuel des statistiques - Mars 2026
5_Reserves_Agregats,Creances interieures,Niger,fin_fev_2026,2041.2,Mds_FCFA,BCEAO - Bulletin mensuel des statistiques - Mars 2026
5_Reserves_Agregats,Creances interieures,Senegal,fin_fev_2026,11129.9,Mds_FCFA,BCEAO - Bulletin mensuel des statistiques - Mars 2026
5_Reserves_Agregats,Creances interieures,Togo,fin_fev_2026,2428.3,Mds_FCFA,BCEAO - Bulletin mensuel des statistiques - Mars 2026
5_Reserves_Agregats,Creances interieures,Union,fin_fev_2026,64640.2,Mds_FCFA,BCEAO - Bulletin mensuel des statistiques - Mars 2026
6_Taux_directeurs_partenaires,Zone euro (BCE),Zone euro (BCE),déc-23,0.045,pct,BCEAO - Bulletin mensuel des statistiques - Mars 2026
6_Taux_directeurs_partenaires,Zone euro (BCE),Zone euro (BCE),déc-24,0.0315,pct,BCEAO - Bulletin mensuel des statistiques - Mars 2026
6_Taux_directeurs_partenaires,Zone euro (BCE),Zone euro (BCE),déc-25,0.0215,pct,BCEAO - Bulletin mensuel des statistiques - Mars 2026
6_Taux_directeurs_partenaires,Zone euro (BCE),Zone euro (BCE),janv-26,0.0215,pct,BCEAO - Bulletin mensuel des statistiques - Mars 2026
6_Taux_directeurs_partenaires,Zone euro (BCE),Zone euro (BCE),fév-26,0.0215,pct,BCEAO - Bulletin mensuel des statistiques - Mars 2026
6_Taux_directeurs_partenaires,Zone euro (BCE),Zone euro (BCE),mars-26,0.0215,pct,BCEAO - Bulletin mensuel des statistiques - Mars 2026
6_Taux_directeurs_partenaires,Japon,Japon,déc-23,-0.001,pct,BCEAO - Bulletin mensuel des statistiques - Mars 2026
6_Taux_directeurs_partenaires,Japon,Japon,déc-24,0.0025,pct,BCEAO - Bulletin mensuel des statistiques - Mars 2026
6_Taux_directeurs_partenaires,Japon,Japon,déc-25,0.0075,pct,BCEAO - Bulletin mensuel des statistiques - Mars 2026
6_Taux_directeurs_partenaires,Japon,Japon,janv-26,0.0075,pct,BCEAO - Bulletin mensuel des statistiques - Mars 2026
6_Taux_directeurs_partenaires,Japon,Japon,fév-26,0.0075,pct,BCEAO - Bulletin mensuel des statistiques - Mars 2026
6_Taux_directeurs_partenaires,Japon,Japon,mars-26,0.0075,pct,BCEAO - Bulletin mensuel des statistiques - Mars 2026
6_Taux_directeurs_partenaires,USA (Fed funds),USA (Fed funds),déc-23,0.055,pct,BCEAO - Bulletin mensuel des statistiques - Mars 2026
6_Taux_directeurs_partenaires,USA (Fed funds),USA (Fed funds),déc-24,0.045,pct,BCEAO - Bulletin mensuel des statistiques - Mars 2026
6_Taux_directeurs_partenaires,USA (Fed funds),USA (Fed funds),déc-25,0.0375,pct,BCEAO - Bulletin mensuel des statistiques - Mars 2026
6_Taux_directeurs_partenaires,USA (Fed funds),USA (Fed funds),janv-26,0.0375,pct,BCEAO - Bulletin mensuel des statistiques - Mars 2026
6_Taux_directeurs_partenaires,USA (Fed funds),USA (Fed funds),fév-26,0.0375,pct,BCEAO - Bulletin mensuel des statistiques - Mars 2026
6_Taux_directeurs_partenaires,USA (Fed funds),USA (Fed funds),mars-26,0.0375,pct,BCEAO - Bulletin mensuel des statistiques - Mars 2026
6_Taux_directeurs_partenaires,Royaume-Uni (Bank Rate),Royaume-Uni (Bank Rate),déc-23,0.0525,pct,BCEAO - Bulletin mensuel des statistiques - Mars 2026
6_Taux_directeurs_partenaires,Royaume-Uni (Bank Rate),Royaume-Uni (Bank Rate),déc-24,0.0475,pct,BCEAO - Bulletin mensuel des statistiques - Mars 2026
6_Taux_directeurs_partenaires,Royaume-Uni (Bank Rate),Royaume-Uni (Bank Rate),déc-25,0.0375,pct,BCEAO - Bulletin mensuel des statistiques - Mars 2026
6_Taux_directeurs_partenaires,Royaume-Uni (Bank Rate),Royaume-Uni (Bank Rate),janv-26,0.0375,pct,BCEAO - Bulletin mensuel des statistiques - Mars 2026
6_Taux_directeurs_partenaires,Royaume-Uni (Bank Rate),Royaume-Uni (Bank Rate),fév-26,0.0375,pct,BCEAO - Bulletin mensuel des statistiques - Mars 2026
6_Taux_directeurs_partenaires,Royaume-Uni (Bank Rate),Royaume-Uni (Bank Rate),mars-26,0.0375,pct,BCEAO - Bulletin mensuel des statistiques - Mars 2026
7_Change_EUR,EUR/USD,EUR/USD,Moy. 2023,1.08,rate,BCEAO - Bulletin mensuel des statistiques - Mars 2026
7_Change_EUR,EUR/USD,EUR/USD,Moy. 2024,1.08,rate,BCEAO - Bulletin mensuel des statistiques - Mars 2026
7_Change_EUR,EUR/USD,EUR/USD,Moy. 2025,1.08,rate,BCEAO - Bulletin mensuel des statistiques - Mars 2026
7_Change_EUR,EUR/USD,EUR/USD,mars-25,1.08,rate,BCEAO - Bulletin mensuel des statistiques - Mars 2026
7_Change_EUR,EUR/USD,EUR/USD,fév-26,1.18,rate,BCEAO - Bulletin mensuel des statistiques - Mars 2026
7_Change_EUR,EUR/USD,EUR/USD,mars-26,1.16,rate,BCEAO - Bulletin mensuel des statistiques - Mars 2026
7_Change_EUR,Variation annuelle EUR/USD,EUR/USD,fev_2026_vs_fev_2025,0.069,pct,BCEAO - Bulletin mensuel des statistiques - Mars 2026
7_Change_EUR,EUR/GBP,EUR/GBP,Moy. 2023,0.87,rate,BCEAO - Bulletin mensuel des statistiques - Mars 2026
7_Change_EUR,EUR/GBP,EUR/GBP,Moy. 2024,0.85,rate,BCEAO - Bulletin mensuel des statistiques - Mars 2026
7_Change_EUR,EUR/GBP,EUR/GBP,Moy. 2025,0.86,rate,BCEAO - Bulletin mensuel des statistiques - Mars 2026
7_Change_EUR,EUR/GBP,EUR/GBP,mars-25,0.84,rate,BCEAO - Bulletin mensuel des statistiques - Mars 2026
7_Change_EUR,EUR/GBP,EUR/GBP,fév-26,0.87,rate,BCEAO - Bulletin mensuel des statistiques - Mars 2026
7_Change_EUR,EUR/GBP,EUR/GBP,mars-26,0.87,rate,BCEAO - Bulletin mensuel des statistiques - Mars 2026
7_Change_EUR,Variation annuelle EUR/GBP,EUR/GBP,fev_2026_vs_fev_2025,0.035,pct,BCEAO - Bulletin mensuel des statistiques - Mars 2026
7_Change_EUR,EUR/JPY,EUR/JPY,Moy. 2023,153.18,rate,BCEAO - Bulletin mensuel des statistiques - Mars 2026
7_Change_EUR,EUR/JPY,EUR/JPY,Moy. 2024,164.06,rate,BCEAO - Bulletin mensuel des statistiques - Mars 2026
7_Change_EUR,EUR/JPY,EUR/JPY,Moy. 2025,168.95,rate,BCEAO - Bulletin mensuel des statistiques - Mars 2026
7_Change_EUR,EUR/JPY,EUR/JPY,mars-25,161.17,rate,BCEAO - Bulletin mensuel des statistiques - Mars 2026
7_Change_EUR,EUR/JPY,EUR/JPY,fév-26,183.45,rate,BCEAO - Bulletin mensuel des statistiques - Mars 2026
7_Change_EUR,EUR/JPY,EUR/JPY,mars-26,183.4,rate,BCEAO - Bulletin mensuel des statistiques - Mars 2026
7_Change_EUR,Variation annuelle EUR/JPY,EUR/JPY,fev_2026_vs_fev_2025,0.138,pct,BCEAO - Bulletin mensuel des statistiques - Mars 2026
7_Change_EUR,EUR/CNY,EUR/CNY,Moy. 2023,7.68,rate,BCEAO - Bulletin mensuel des statistiques - Mars 2026
7_Change_EUR,EUR/CNY,EUR/CNY,Moy. 2024,7.77,rate,BCEAO - Bulletin mensuel des statistiques - Mars 2026
7_Change_EUR,EUR/CNY,EUR/CNY,Moy. 2025,8.11,rate,BCEAO - Bulletin mensuel des statistiques - Mars 2026
7_Change_EUR,EUR/CNY,EUR/CNY,mars-25,7.84,rate,BCEAO - Bulletin mensuel des statistiques - Mars 2026
7_Change_EUR,EUR/CNY,EUR/CNY,fév-26,8.17,rate,BCEAO - Bulletin mensuel des statistiques - Mars 2026
7_Change_EUR,EUR/CNY,EUR/CNY,mars-26,7.97,rate,BCEAO - Bulletin mensuel des statistiques - Mars 2026
7_Change_EUR,Variation annuelle EUR/CNY,EUR/CNY,fev_2026_vs_fev_2025,0.016,pct,BCEAO - Bulletin mensuel des statistiques - Mars 2026
7_Change_EUR,EUR/FCFA,EUR/FCFA,Moy. 2023,655.957,rate,BCEAO - Bulletin mensuel des statistiques - Mars 2026
7_Change_EUR,EUR/FCFA,EUR/FCFA,Moy. 2024,655.957,rate,BCEAO - Bulletin mensuel des statistiques - Mars 2026
7_Change_EUR,EUR/FCFA,EUR/FCFA,Moy. 2025,655.957,rate,BCEAO - Bulletin mensuel des statistiques - Mars 2026
7_Change_EUR,EUR/FCFA,EUR/FCFA,mars-25,655.957,rate,BCEAO - Bulletin mensuel des statistiques - Mars 2026
7_Change_EUR,EUR/FCFA,EUR/FCFA,fév-26,655.957,rate,BCEAO - Bulletin mensuel des statistiques - Mars 2026
7_Change_EUR,EUR/FCFA,EUR/FCFA,mars-26,655.957,rate,BCEAO - Bulletin mensuel des statistiques - Mars 2026
7_Change_EUR,Variation annuelle EUR/FCFA,EUR/FCFA,fev_2026_vs_fev_2025,0,pct,BCEAO - Bulletin mensuel des statistiques - Mars 2026
8_Interbancaire_UMOA,Volume 1j,UMOA,janv-26,114993,M_FCFA,BCEAO - Bulletin mensuel des statistiques - Mars 2026
8_Interbancaire_UMOA,Taux 1j,UMOA,janv-26,0.0425,pct,BCEAO - Bulletin mensuel des statistiques - Mars 2026
8_Interbancaire_UMOA,Volume 1sem,UMOA,janv-26,442103,M_FCFA,BCEAO - Bulletin mensuel des statistiques - Mars 2026
8_Interbancaire_UMOA,Taux 1sem,UMOA,janv-26,0.0479,pct,BCEAO - Bulletin mensuel des statistiques - Mars 2026
8_Interbancaire_UMOA,Volume 2sem,UMOA,janv-26,170547,M_FCFA,BCEAO - Bulletin mensuel des statistiques - Mars 2026
8_Interbancaire_UMOA,Taux 2sem,UMOA,janv-26,0.0555,pct,BCEAO - Bulletin mensuel des statistiques - Mars 2026
8_Interbancaire_UMOA,Volume 1mois,UMOA,janv-26,43243,M_FCFA,BCEAO - Bulletin mensuel des statistiques - Mars 2026
8_Interbancaire_UMOA,Taux 1mois,UMOA,janv-26,0.059800000000000006,pct,BCEAO - Bulletin mensuel des statistiques - Mars 2026
8_Interbancaire_UMOA,Volume 3mois,UMOA,janv-26,4125,M_FCFA,BCEAO - Bulletin mensuel des statistiques - Mars 2026
8_Interbancaire_UMOA,Taux 3mois,UMOA,janv-26,0.0554,pct,BCEAO - Bulletin mensuel des statistiques - Mars 2026
8_Interbancaire_UMOA,Volume 6mois,UMOA,janv-26,3756,M_FCFA,BCEAO - Bulletin mensuel des statistiques - Mars 2026
8_Interbancaire_UMOA,Taux 6mois,UMOA,janv-26,0.0555,pct,BCEAO - Bulletin mensuel des statistiques - Mars 2026
8_Interbancaire_UMOA,Volume 1j,UMOA,fév-26,149113,M_FCFA,BCEAO - Bulletin mensuel des statistiques - Mars 2026
8_Interbancaire_UMOA,Taux 1j,UMOA,fév-26,0.04019999999999999,pct,BCEAO - Bulletin mensuel des statistiques - Mars 2026
8_Interbancaire_UMOA,Volume 1sem,UMOA,fév-26,504197,M_FCFA,BCEAO - Bulletin mensuel des statistiques - Mars 2026
8_Interbancaire_UMOA,Taux 1sem,UMOA,fév-26,0.04190000000000001,pct,BCEAO - Bulletin mensuel des statistiques - Mars 2026
8_Interbancaire_UMOA,Volume 2sem,UMOA,fév-26,126091,M_FCFA,BCEAO - Bulletin mensuel des statistiques - Mars 2026
8_Interbancaire_UMOA,Taux 2sem,UMOA,fév-26,0.051699999999999996,pct,BCEAO - Bulletin mensuel des statistiques - Mars 2026
8_Interbancaire_UMOA,Volume 1mois,UMOA,fév-26,63537,M_FCFA,BCEAO - Bulletin mensuel des statistiques - Mars 2026
8_Interbancaire_UMOA,Taux 1mois,UMOA,fév-26,0.053099999999999994,pct,BCEAO - Bulletin mensuel des statistiques - Mars 2026
8_Interbancaire_UMOA,Volume 3mois,UMOA,fév-26,12573,M_FCFA,BCEAO - Bulletin mensuel des statistiques - Mars 2026
8_Interbancaire_UMOA,Taux 3mois,UMOA,fév-26,0.0576,pct,BCEAO - Bulletin mensuel des statistiques - Mars 2026
8_Interbancaire_UMOA,Volume 6mois,UMOA,fév-26,3750,M_FCFA,BCEAO - Bulletin mensuel des statistiques - Mars 2026
8_Interbancaire_UMOA,Taux 6mois,UMOA,fév-26,0.0525,pct,BCEAO - Bulletin mensuel des statistiques - Mars 2026
8_Interbancaire_UMOA,Volume 12mois,UMOA,fév-26,2645,M_FCFA,BCEAO - Bulletin mensuel des statistiques - Mars 2026
8_Interbancaire_UMOA,Taux 12mois,UMOA,fév-26,0.03,pct,BCEAO - Bulletin mensuel des statistiques - Mars 2026
8_Interbancaire_UMOA,Volume 1j,UMOA,mars-26,142950,M_FCFA,BCEAO - Bulletin mensuel des statistiques - Mars 2026
8_Interbancaire_UMOA,Taux 1j,UMOA,mars-26,0.0395,pct,BCEAO - Bulletin mensuel des statistiques - Mars 2026
8_Interbancaire_UMOA,Volume 1sem,UMOA,mars-26,469508,M_FCFA,BCEAO - Bulletin mensuel des statistiques - Mars 2026
8_Interbancaire_UMOA,Taux 1sem,UMOA,mars-26,0.0393,pct,BCEAO - Bulletin mensuel des statistiques - Mars 2026
8_Interbancaire_UMOA,Volume 2sem,UMOA,mars-26,115377,M_FCFA,BCEAO - Bulletin mensuel des statistiques - Mars 2026
8_Interbancaire_UMOA,Taux 2sem,UMOA,mars-26,0.048499999999999995,pct,BCEAO - Bulletin mensuel des statistiques - Mars 2026
8_Interbancaire_UMOA,Volume 1mois,UMOA,mars-26,60874,M_FCFA,BCEAO - Bulletin mensuel des statistiques - Mars 2026
8_Interbancaire_UMOA,Taux 1mois,UMOA,mars-26,0.0548,pct,BCEAO - Bulletin mensuel des statistiques - Mars 2026
8_Interbancaire_UMOA,Volume 3mois,UMOA,mars-26,24995,M_FCFA,BCEAO - Bulletin mensuel des statistiques - Mars 2026
8_Interbancaire_UMOA,Taux 3mois,UMOA,mars-26,0.052000000000000005,pct,BCEAO - Bulletin mensuel des statistiques - Mars 2026
8_Interbancaire_UMOA,Volume 6mois,UMOA,mars-26,20500,M_FCFA,BCEAO - Bulletin mensuel des statistiques - Mars 2026
8_Interbancaire_UMOA,Taux 6mois,UMOA,mars-26,0.0592,pct,BCEAO - Bulletin mensuel des statistiques - Mars 2026
8_Interbancaire_UMOA,Volume 12mois,UMOA,mars-26,100,M_FCFA,BCEAO - Bulletin mensuel des statistiques - Mars 2026
8_Interbancaire_UMOA,Taux 12mois,UMOA,mars-26,0.0462,pct,BCEAO - Bulletin mensuel des statistiques - Mars 2026
9_Reserves_const_vs_req,Reserves requises,UMOA,16_02_15_03_2026,1093610,M_FCFA,BCEAO - Bulletin mensuel des statistiques - Mars 2026
9_Reserves_const_vs_req,Reserves constituees,UMOA,16_02_15_03_2026,4734369,M_FCFA,BCEAO - Bulletin mensuel des statistiques - Mars 2026
9_Reserves_const_vs_req,Solde net,UMOA,16_02_15_03_2026,3640759,M_FCFA,BCEAO - Bulletin mensuel des statistiques - Mars 2026
9_Reserves_const_vs_req,Ratio constituees sur requises,UMOA,16_02_15_03_2026,4.329120070226132,x,BCEAO - Bulletin mensuel des statistiques - Mars 2026
9_Reserves_const_vs_req,Reserves requises,Benin,16_02_15_03_2026,106961,M_FCFA,BCEAO - Bulletin mensuel des statistiques - Mars 2026
9_Reserves_const_vs_req,Reserves constituees,Benin,16_02_15_03_2026,220031,M_FCFA,BCEAO - Bulletin mensuel des statistiques - Mars 2026
9_Reserves_const_vs_req,Solde net,Benin,16_02_15_03_2026,113070,M_FCFA,BCEAO - Bulletin mensuel des statistiques - Mars 2026
9_Reserves_const_vs_req,Ratio constituees sur requises,Benin,16_02_15_03_2026,2.0571142752966036,x,BCEAO - Bulletin mensuel des statistiques - Mars 2026
9_Reserves_const_vs_req,Reserves requises,Burkina Faso,16_02_15_03_2026,152053,M_FCFA,BCEAO - Bulletin mensuel des statistiques - Mars 2026
9_Reserves_const_vs_req,Reserves constituees,Burkina Faso,16_02_15_03_2026,654612,M_FCFA,BCEAO - Bulletin mensuel des statistiques - Mars 2026
9_Reserves_const_vs_req,Solde net,Burkina Faso,16_02_15_03_2026,502559,M_FCFA,BCEAO - Bulletin mensuel des statistiques - Mars 2026
9_Reserves_const_vs_req,Ratio constituees sur requises,Burkina Faso,16_02_15_03_2026,4.305156754552689,x,BCEAO - Bulletin mensuel des statistiques - Mars 2026
9_Reserves_const_vs_req,Reserves requises,Cote d'Ivoire,16_02_15_03_2026,688464,M_FCFA,BCEAO - Bulletin mensuel des statistiques - Mars 2026
9_Reserves_const_vs_req,Reserves constituees,Cote d'Ivoire,16_02_15_03_2026,3206355,M_FCFA,BCEAO - Bulletin mensuel des statistiques - Mars 2026
9_Reserves_const_vs_req,Solde net,Cote d'Ivoire,16_02_15_03_2026,2517891,M_FCFA,BCEAO - Bulletin mensuel des statistiques - Mars 2026
9_Reserves_const_vs_req,Ratio constituees sur requises,Cote d'Ivoire,16_02_15_03_2026,4.657258767342955,x,BCEAO - Bulletin mensuel des statistiques - Mars 2026
9_Reserves_const_vs_req,Reserves requises,Guinee-Bissau,16_02_15_03_2026,7845,M_FCFA,BCEAO - Bulletin mensuel des statistiques - Mars 2026
9_Reserves_const_vs_req,Reserves constituees,Guinee-Bissau,16_02_15_03_2026,15785,M_FCFA,BCEAO - Bulletin mensuel des statistiques - Mars 2026
9_Reserves_const_vs_req,Solde net,Guinee-Bissau,16_02_15_03_2026,7940,M_FCFA,BCEAO - Bulletin mensuel des statistiques - Mars 2026
9_Reserves_const_vs_req,Ratio constituees sur requises,Guinee-Bissau,16_02_15_03_2026,2.0121096239643084,x,BCEAO - Bulletin mensuel des statistiques - Mars 2026
9_Reserves_const_vs_req,Reserves requises,Mali,16_02_15_03_2026,138287,M_FCFA,BCEAO - Bulletin mensuel des statistiques - Mars 2026
9_Reserves_const_vs_req,Reserves constituees,Mali,16_02_15_03_2026,637586,M_FCFA,BCEAO - Bulletin mensuel des statistiques - Mars 2026
9_Reserves_const_vs_req,Solde net,Mali,16_02_15_03_2026,499299,M_FCFA,BCEAO - Bulletin mensuel des statistiques - Mars 2026
9_Reserves_const_vs_req,Ratio constituees sur requises,Mali,16_02_15_03_2026,4.610599694837548,x,BCEAO - Bulletin mensuel des statistiques - Mars 2026
9_Reserves_const_vs_req,Reserves requises,Niger,16_02_15_03_2026,47425,M_FCFA,BCEAO - Bulletin mensuel des statistiques - Mars 2026
9_Reserves_const_vs_req,Reserves constituees,Niger,16_02_15_03_2026,57278,M_FCFA,BCEAO - Bulletin mensuel des statistiques - Mars 2026
9_Reserves_const_vs_req,Solde net,Niger,16_02_15_03_2026,9853,M_FCFA,BCEAO - Bulletin mensuel des statistiques - Mars 2026
9_Reserves_const_vs_req,Ratio constituees sur requises,Niger,16_02_15_03_2026,1.2077596204533474,x,BCEAO - Bulletin mensuel des statistiques - Mars 2026
9_Reserves_const_vs_req,Reserves requises,Senegal,16_02_15_03_2026,284770,M_FCFA,BCEAO - Bulletin mensuel des statistiques - Mars 2026
9_Reserves_const_vs_req,Reserves constituees,Senegal,16_02_15_03_2026,1049848,M_FCFA,BCEAO - Bulletin mensuel des statistiques - Mars 2026
9_Reserves_const_vs_req,Solde net,Senegal,16_02_15_03_2026,765078,M_FCFA,BCEAO - Bulletin mensuel des statistiques - Mars 2026
9_Reserves_const_vs_req,Ratio constituees sur requises,Senegal,16_02_15_03_2026,3.68665238613618,x,BCEAO - Bulletin mensuel des statistiques - Mars 2026
9_Reserves_const_vs_req,Reserves requises,Togo,16_02_15_03_2026,74226,M_FCFA,BCEAO - Bulletin mensuel des statistiques - Mars 2026
9_Reserves_const_vs_req,Reserves constituees,Togo,16_02_15_03_2026,166252,M_FCFA,BCEAO - Bulletin mensuel des statistiques - Mars 2026
9_Reserves_const_vs_req,Solde net,Togo,16_02_15_03_2026,92026,M_FCFA,BCEAO - Bulletin mensuel des statistiques - Mars 2026
9_Reserves_const_vs_req,Ratio constituees sur requises,Togo,16_02_15_03_2026,2.239808153477218,x,BCEAO - Bulletin mensuel des statistiques - Mars 2026
10a_Conditions_banque_categorie,Autres institutions de depots,Benin,mars-26,0.0766,pct,BCEAO - Bulletin mensuel des statistiques - Mars 2026
10a_Conditions_banque_categorie,Societes financieres,Benin,mars-26,0.0793,pct,BCEAO - Bulletin mensuel des statistiques - Mars 2026
10a_Conditions_banque_categorie,Societes non financieres,Benin,mars-26,0.0701,pct,BCEAO - Bulletin mensuel des statistiques - Mars 2026
10a_Conditions_banque_categorie,Menages,Benin,mars-26,0.0796,pct,BCEAO - Bulletin mensuel des statistiques - Mars 2026
10a_Conditions_banque_categorie,ISBLM,Benin,mars-26,0.09,pct,BCEAO - Bulletin mensuel des statistiques - Mars 2026
10a_Conditions_banque_categorie,Administrations Publiques,Benin,mars-26,0.07,pct,BCEAO - Bulletin mensuel des statistiques - Mars 2026
10a_Conditions_banque_categorie,Ensemble,Benin,mars-26,0.0709,pct,BCEAO - Bulletin mensuel des statistiques - Mars 2026
10a_Conditions_banque_categorie,Societes financieres,Burkina Faso,mars-26,0.07150000000000001,pct,BCEAO - Bulletin mensuel des statistiques - Mars 2026
10a_Conditions_banque_categorie,Societes non financieres,Burkina Faso,mars-26,0.0795,pct,BCEAO - Bulletin mensuel des statistiques - Mars 2026
10a_Conditions_banque_categorie,Menages,Burkina Faso,mars-26,0.0789,pct,BCEAO - Bulletin mensuel des statistiques - Mars 2026
10a_Conditions_banque_categorie,ISBLM,Burkina Faso,mars-26,0.0833,pct,BCEAO - Bulletin mensuel des statistiques - Mars 2026
10a_Conditions_banque_categorie,Administrations Publiques,Burkina Faso,mars-26,0.0675,pct,BCEAO - Bulletin mensuel des statistiques - Mars 2026
10a_Conditions_banque_categorie,Ensemble,Burkina Faso,mars-26,0.0774,pct,BCEAO - Bulletin mensuel des statistiques - Mars 2026
10a_Conditions_banque_categorie,Societes financieres,Cote d'Ivoire,mars-26,0.0818,pct,BCEAO - Bulletin mensuel des statistiques - Mars 2026
10a_Conditions_banque_categorie,Societes non financieres,Cote d'Ivoire,mars-26,0.061,pct,BCEAO - Bulletin mensuel des statistiques - Mars 2026
10a_Conditions_banque_categorie,Menages,Cote d'Ivoire,mars-26,0.07400000000000001,pct,BCEAO - Bulletin mensuel des statistiques - Mars 2026
10a_Conditions_banque_categorie,ISBLM,Cote d'Ivoire,mars-26,0.077,pct,BCEAO - Bulletin mensuel des statistiques - Mars 2026
10a_Conditions_banque_categorie,Administrations Publiques,Cote d'Ivoire,mars-26,0.0571,pct,BCEAO - Bulletin mensuel des statistiques - Mars 2026
10a_Conditions_banque_categorie,Ensemble,Cote d'Ivoire,mars-26,0.064,pct,BCEAO - Bulletin mensuel des statistiques - Mars 2026
10a_Conditions_banque_categorie,Societes non financieres,Guinee-Bissau,mars-26,0.092,pct,BCEAO - Bulletin mensuel des statistiques - Mars 2026
10a_Conditions_banque_categorie,Menages,Guinee-Bissau,mars-26,0.0944,pct,BCEAO - Bulletin mensuel des statistiques - Mars 2026
10a_Conditions_banque_categorie,Administrations Publiques,Guinee-Bissau,mars-26,0.08,pct,BCEAO - Bulletin mensuel des statistiques - Mars 2026
10a_Conditions_banque_categorie,Ensemble,Guinee-Bissau,mars-26,0.0848,pct,BCEAO - Bulletin mensuel des statistiques - Mars 2026
10a_Conditions_banque_categorie,Societes non financieres,Mali,mars-26,0.0774,pct,BCEAO - Bulletin mensuel des statistiques - Mars 2026
10a_Conditions_banque_categorie,Menages,Mali,mars-26,0.0852,pct,BCEAO - Bulletin mensuel des statistiques - Mars 2026
10a_Conditions_banque_categorie,Administrations Publiques,Mali,mars-26,0.1,pct,BCEAO - Bulletin mensuel des statistiques - Mars 2026
10a_Conditions_banque_categorie,Ensemble,Mali,mars-26,0.0796,pct,BCEAO - Bulletin mensuel des statistiques - Mars 2026
10a_Conditions_banque_categorie,Autres institutions de depots,Niger,mars-26,0.0827,pct,BCEAO - Bulletin mensuel des statistiques - Mars 2026
10a_Conditions_banque_categorie,Societes financieres,Niger,mars-26,0.1225,pct,BCEAO - Bulletin mensuel des statistiques - Mars 2026
10a_Conditions_banque_categorie,Societes non financieres,Niger,mars-26,0.08789999999999999,pct,BCEAO - Bulletin mensuel des statistiques - Mars 2026
10a_Conditions_banque_categorie,Menages,Niger,mars-26,0.1013,pct,BCEAO - Bulletin mensuel des statistiques - Mars 2026
10a_Conditions_banque_categorie,ISBLM,Niger,mars-26,0.12279999999999999,pct,BCEAO - Bulletin mensuel des statistiques - Mars 2026
10a_Conditions_banque_categorie,Ensemble,Niger,mars-26,0.0898,pct,BCEAO - Bulletin mensuel des statistiques - Mars 2026
10a_Conditions_banque_categorie,Autres institutions de depots,Senegal,mars-26,0.042,pct,BCEAO - Bulletin mensuel des statistiques - Mars 2026
10a_Conditions_banque_categorie,Societes financieres,Senegal,mars-26,0.0594,pct,BCEAO - Bulletin mensuel des statistiques - Mars 2026
10a_Conditions_banque_categorie,Societes non financieres,Senegal,mars-26,0.059500000000000004,pct,BCEAO - Bulletin mensuel des statistiques - Mars 2026
10a_Conditions_banque_categorie,Menages,Senegal,mars-26,0.08130000000000001,pct,BCEAO - Bulletin mensuel des statistiques - Mars 2026
10a_Conditions_banque_categorie,ISBLM,Senegal,mars-26,0.0911,pct,BCEAO - Bulletin mensuel des statistiques - Mars 2026
10a_Conditions_banque_categorie,Administrations Publiques,Senegal,mars-26,0.0533,pct,BCEAO - Bulletin mensuel des statistiques - Mars 2026
10a_Conditions_banque_categorie,Ensemble,Senegal,mars-26,0.0635,pct,BCEAO - Bulletin mensuel des statistiques - Mars 2026
10a_Conditions_banque_categorie,Autres institutions de depots,Togo,mars-26,0.0788,pct,BCEAO - Bulletin mensuel des statistiques - Mars 2026
10a_Conditions_banque_categorie,Societes financieres,Togo,mars-26,0.07490000000000001,pct,BCEAO - Bulletin mensuel des statistiques - Mars 2026
10a_Conditions_banque_categorie,Societes non financieres,Togo,mars-26,0.0739,pct,BCEAO - Bulletin mensuel des statistiques - Mars 2026
10a_Conditions_banque_categorie,Menages,Togo,mars-26,0.08130000000000001,pct,BCEAO - Bulletin mensuel des statistiques - Mars 2026
10a_Conditions_banque_categorie,ISBLM,Togo,mars-26,0.0796,pct,BCEAO - Bulletin mensuel des statistiques - Mars 2026
10a_Conditions_banque_categorie,Administrations Publiques,Togo,mars-26,0.0725,pct,BCEAO - Bulletin mensuel des statistiques - Mars 2026
10a_Conditions_banque_categorie,Ensemble,Togo,mars-26,0.0751,pct,BCEAO - Bulletin mensuel des statistiques - Mars 2026
10b_Conditions_banque_objet,Consommation,Benin,mars-26,0.0765,pct,BCEAO - Bulletin mensuel des statistiques - Mars 2026
10b_Conditions_banque_objet,Exportation,Benin,mars-26,0.0877,pct,BCEAO - Bulletin mensuel des statistiques - Mars 2026
10b_Conditions_banque_objet,Tresorerie,Benin,mars-26,0.0711,pct,BCEAO - Bulletin mensuel des statistiques - Mars 2026
10b_Conditions_banque_objet,Equipement,Benin,mars-26,0.0652,pct,BCEAO - Bulletin mensuel des statistiques - Mars 2026
10b_Conditions_banque_objet,Immobilier,Benin,mars-26,0.0668,pct,BCEAO - Bulletin mensuel des statistiques - Mars 2026
10b_Conditions_banque_objet,Autres,Benin,mars-26,0.08039999999999999,pct,BCEAO - Bulletin mensuel des statistiques - Mars 2026
10b_Conditions_banque_objet,Ensemble,Benin,mars-26,0.0709,pct,BCEAO - Bulletin mensuel des statistiques - Mars 2026
10b_Conditions_banque_objet,Consommation,Burkina Faso,mars-26,0.0739,pct,BCEAO - Bulletin mensuel des statistiques - Mars 2026
10b_Conditions_banque_objet,Tresorerie,Burkina Faso,mars-26,0.0774,pct,BCEAO - Bulletin mensuel des statistiques - Mars 2026
10b_Conditions_banque_objet,Equipement,Burkina Faso,mars-26,0.0828,pct,BCEAO - Bulletin mensuel des statistiques - Mars 2026
10b_Conditions_banque_objet,Immobilier,Burkina Faso,mars-26,0.0805,pct,BCEAO - Bulletin mensuel des statistiques - Mars 2026
10b_Conditions_banque_objet,Autres,Burkina Faso,mars-26,0.0764,pct,BCEAO - Bulletin mensuel des statistiques - Mars 2026
10b_Conditions_banque_objet,Ensemble,Burkina Faso,mars-26,0.0774,pct,BCEAO - Bulletin mensuel des statistiques - Mars 2026
10b_Conditions_banque_objet,Consommation,Cote d'Ivoire,mars-26,0.0703,pct,BCEAO - Bulletin mensuel des statistiques - Mars 2026
10b_Conditions_banque_objet,Exportation,Cote d'Ivoire,mars-26,0.051399999999999994,pct,BCEAO - Bulletin mensuel des statistiques - Mars 2026
10b_Conditions_banque_objet,Tresorerie,Cote d'Ivoire,mars-26,0.0634,pct,BCEAO - Bulletin mensuel des statistiques - Mars 2026
10b_Conditions_banque_objet,Equipement,Cote d'Ivoire,mars-26,0.062,pct,BCEAO - Bulletin mensuel des statistiques - Mars 2026
10b_Conditions_banque_objet,Immobilier,Cote d'Ivoire,mars-26,0.0694,pct,BCEAO - Bulletin mensuel des statistiques - Mars 2026
10b_Conditions_banque_objet,Autres,Cote d'Ivoire,mars-26,0.0652,pct,BCEAO - Bulletin mensuel des statistiques - Mars 2026
10b_Conditions_banque_objet,Ensemble,Cote d'Ivoire,mars-26,0.064,pct,BCEAO - Bulletin mensuel des statistiques - Mars 2026
10b_Conditions_banque_objet,Consommation,Guinee-Bissau,mars-26,0.0975,pct,BCEAO - Bulletin mensuel des statistiques - Mars 2026
10b_Conditions_banque_objet,Tresorerie,Guinee-Bissau,mars-26,0.08,pct,BCEAO - Bulletin mensuel des statistiques - Mars 2026
10b_Conditions_banque_objet,Equipement,Guinee-Bissau,mars-26,0.0658,pct,BCEAO - Bulletin mensuel des statistiques - Mars 2026
10b_Conditions_banque_objet,Immobilier,Guinee-Bissau,mars-26,0.1116,pct,BCEAO - Bulletin mensuel des statistiques - Mars 2026
10b_Conditions_banque_objet,Autres,Guinee-Bissau,mars-26,0.0821,pct,BCEAO - Bulletin mensuel des statistiques - Mars 2026
10b_Conditions_banque_objet,Ensemble,Guinee-Bissau,mars-26,0.0848,pct,BCEAO - Bulletin mensuel des statistiques - Mars 2026
10b_Conditions_banque_objet,Consommation,Mali,mars-26,0.08800000000000001,pct,BCEAO - Bulletin mensuel des statistiques - Mars 2026
10b_Conditions_banque_objet,Tresorerie,Mali,mars-26,0.07719999999999999,pct,BCEAO - Bulletin mensuel des statistiques - Mars 2026
10b_Conditions_banque_objet,Equipement,Mali,mars-26,0.0775,pct,BCEAO - Bulletin mensuel des statistiques - Mars 2026
10b_Conditions_banque_objet,Immobilier,Mali,mars-26,0.0872,pct,BCEAO - Bulletin mensuel des statistiques - Mars 2026
10b_Conditions_banque_objet,Autres,Mali,mars-26,0.076,pct,BCEAO - Bulletin mensuel des statistiques - Mars 2026
10b_Conditions_banque_objet,Ensemble,Mali,mars-26,0.0796,pct,BCEAO - Bulletin mensuel des statistiques - Mars 2026
10b_Conditions_banque_objet,Consommation,Niger,mars-26,0.08,pct,BCEAO - Bulletin mensuel des statistiques - Mars 2026
10b_Conditions_banque_objet,Exportation,Niger,mars-26,0.09369999999999999,pct,BCEAO - Bulletin mensuel des statistiques - Mars 2026
10b_Conditions_banque_objet,Tresorerie,Niger,mars-26,0.08810000000000001,pct,BCEAO - Bulletin mensuel des statistiques - Mars 2026
10b_Conditions_banque_objet,Equipement,Niger,mars-26,0.0934,pct,BCEAO - Bulletin mensuel des statistiques - Mars 2026
10b_Conditions_banque_objet,Immobilier,Niger,mars-26,0.057699999999999994,pct,BCEAO - Bulletin mensuel des statistiques - Mars 2026
10b_Conditions_banque_objet,Autres,Niger,mars-26,0.1142,pct,BCEAO - Bulletin mensuel des statistiques - Mars 2026
10b_Conditions_banque_objet,Ensemble,Niger,mars-26,0.0898,pct,BCEAO - Bulletin mensuel des statistiques - Mars 2026
10b_Conditions_banque_objet,Consommation,Senegal,mars-26,0.08199999999999999,pct,BCEAO - Bulletin mensuel des statistiques - Mars 2026
10b_Conditions_banque_objet,Tresorerie,Senegal,mars-26,0.0562,pct,BCEAO - Bulletin mensuel des statistiques - Mars 2026
10b_Conditions_banque_objet,Equipement,Senegal,mars-26,0.07429999999999999,pct,BCEAO - Bulletin mensuel des statistiques - Mars 2026
10b_Conditions_banque_objet,Immobilier,Senegal,mars-26,0.0689,pct,BCEAO - Bulletin mensuel des statistiques - Mars 2026
10b_Conditions_banque_objet,Autres,Senegal,mars-26,0.06280000000000001,pct,BCEAO - Bulletin mensuel des statistiques - Mars 2026
10b_Conditions_banque_objet,Ensemble,Senegal,mars-26,0.0636,pct,BCEAO - Bulletin mensuel des statistiques - Mars 2026
10b_Conditions_banque_objet,Consommation,Togo,mars-26,0.07780000000000001,pct,BCEAO - Bulletin mensuel des statistiques - Mars 2026
10b_Conditions_banque_objet,Exportation,Togo,mars-26,0.1162,pct,BCEAO - Bulletin mensuel des statistiques - Mars 2026
10b_Conditions_banque_objet,Tresorerie,Togo,mars-26,0.0736,pct,BCEAO - Bulletin mensuel des statistiques - Mars 2026
10b_Conditions_banque_objet,Equipement,Togo,mars-26,0.0683,pct,BCEAO - Bulletin mensuel des statistiques - Mars 2026
10b_Conditions_banque_objet,Immobilier,Togo,mars-26,0.08960000000000001,pct,BCEAO - Bulletin mensuel des statistiques - Mars 2026
10b_Conditions_banque_objet,Autres,Togo,mars-26,0.08410000000000001,pct,BCEAO - Bulletin mensuel des statistiques - Mars 2026
10b_Conditions_banque_objet,Ensemble,Togo,mars-26,0.0751,pct,BCEAO - Bulletin mensuel des statistiques - Mars 2026
