"Date","Dernier","Ouv."," Plus Haut","Plus Bas","Vol.","Variation %"
"28/05/2026","757,25","755,99","757,25","751,34","","0,13%"
"27/05/2026","756,28","758,02","758,92","755,60","","-0,23%"
"26/05/2026","758,05","761,54","762,53","756,17","","-0,48%"
"25/05/2026","761,68","760,44","763,54","760,12","","0,33%"
"22/05/2026","759,16","759,58","761,64","757,36","","-0,06%"
"21/05/2026","759,58","758,46","761,27","756,09","","0,16%"
"20/05/2026","758,38","755,54","761,73","752,85","","0,38%"
"19/05/2026","755,54","757,34","758,12","753,24","","-0,23%"
"18/05/2026","757,31","750,80","758,58","748,79","","0,86%"
"15/05/2026","750,83","747,92","753,40","743,09","","0,40%"
"14/05/2026","747,83","757,26","757,90","747,39","","-1,25%"
"13/05/2026","757,29","755,90","757,80","750,12","","0,19%"
"12/05/2026","755,82","758,67","758,81","750,29","","-0,35%"
"11/05/2026","758,47","760,40","762,67","755,61","","-0,21%"
"08/05/2026","760,10","755,75","762,31","753,07","","0,61%"
"07/05/2026","755,52","760,28","762,46","753,74","","-0,61%"
"06/05/2026","760,16","760,02","765,80","757,16","","0,02%"
"05/05/2026","760,02","757,59","762,48","754,31","","0,34%"
"04/05/2026","757,45","760,40","764,29","754,50","","-0,37%"
"01/05/2026","760,23","764,23","767,32","758,79","","-0,52%"
"30/04/2026","764,23","755,27","764,65","752,53","","1,18%"
"29/04/2026","755,33","758,00","759,15","752,53","","-0,35%"
"28/04/2026","757,99","757,00","758,81","751,46","","0,14%"
"27/04/2026","756,95","755,44","762,38","754,70","","-0,38%"
"24/04/2026","759,85","755,13","760,22","752,30","","0,62%"
"23/04/2026","755,19","753,83","758,13","750,50","","0,19%"
"22/04/2026","753,78","753,84","756,11","749,31","","0,00%"
"21/04/2026","753,76","753,84","755,20","748,17","","-0,02%"
"20/04/2026","753,90","752,70","756,01","749,68","","0,14%"
"17/04/2026","752,87","751,85","757,58","749,19","","0,15%"
"16/04/2026","751,76","755,66","757,02","749,85","","-0,47%"
"15/04/2026","755,33","755,08","768,53","752,48","","0,09%"
"14/04/2026","754,67","756,03","762,41","752,98","","-0,22%"
"13/04/2026","756,34","751,68","758,08","750,93","","0,10%"
"10/04/2026","755,56","756,14","758,28","752,78","","-0,07%"
"09/04/2026","756,08","751,82","757,60","749,70","","0,62%"
"08/04/2026","751,40","753,96","764,54","750,43","","-0,34%"
"07/04/2026","753,99","752,70","755,74","749,79","","0,22%"
"06/04/2026","752,35","750,74","754,89","748,72","","0,22%"
"03/04/2026","750,71","752,59","753,58","748,23","","-0,25%"
"02/04/2026","752,56","753,94","762,42","747,12","","-0,17%"
"01/04/2026","753,86","756,61","768,30","752,02","","-0,35%"
"31/03/2026","756,50","753,78","758,82","749,45","","0,36%"
"30/03/2026","753,78","755,48","756,28","747,90","","-0,14%"
"27/03/2026","754,80","756,51","759,04","751,17","","-0,24%"
"26/03/2026","756,59","756,13","771,02","752,10","","0,06%"
"25/03/2026","756,15","758,45","760,42","753,46","","-0,30%"
"24/03/2026","758,39","763,74","764,80","754,44","","-0,65%"
"23/03/2026","763,34","761,39","769,51","758,24","","0,03%"
"20/03/2026","763,13","768,25","769,06","759,79","","-0,67%"
"19/03/2026","768,28","753,36","770,40","752,65","","1,98%"
"18/03/2026","753,36","761,96","763,77","752,52","","-1,12%"
"17/03/2026","761,93","764,51","768,95","759,19","","-0,34%"
"16/03/2026","764,54","756,57","768,07","737,69","","1,10%"
"13/03/2026","756,20","757,24","759,94","747,68","","-0,13%"
"12/03/2026","757,22","756,38","759,76","750,77","","0,11%"
"11/03/2026","756,41","756,47","760,13","753,11","","0,00%"
"10/03/2026","756,44","762,85","765,95","754,57","","-0,91%"
"09/03/2026","763,37","753,81","763,90","750,30","","0,73%"
"06/03/2026","757,81","754,30","758,00","751,78","","0,41%"
"05/03/2026","754,73","754,60","755,64","748,59","","-0,01%"
"04/03/2026","754,77","752,47","756,74","743,68","","0,33%"
"03/03/2026","752,31","750,88","753,12","738,14","","0,21%"
"02/03/2026","750,71","749,46","752,28","739,90","","0,17%"
"27/02/2026","749,46","748,64","750,35","745,02","","0,12%"
"26/02/2026","748,59","751,85","754,77","744,07","","-0,43%"
"25/02/2026","751,85","748,30","763,23","748,22","","0,47%"
"24/02/2026","748,30","752,07","753,04","747,86","","-0,52%"
"23/02/2026","752,18","753,02","755,03","747,97","","0,02%"
"20/02/2026","752,04","745,99","758,17","743,12","","0,82%"
"19/02/2026","745,96","748,43","753,63","743,04","","-0,26%"
"18/02/2026","747,91","751,76","756,58","746,27","","-0,60%"
"17/02/2026","752,43","754,34","754,89","746,27","","-0,27%"
"16/02/2026","754,45","755,50","756,30","754,06","","-0,05%"
"13/02/2026","754,82","752,70","756,68","750,50","","0,28%"
"12/02/2026","752,73","750,22","753,74","747,82","","0,34%"
"11/02/2026","750,19","755,14","760,88","748,04","","-0,66%"
"10/02/2026","755,14","761,61","762,24","750,91","","-0,86%"
"09/02/2026","761,69","757,18","762,11","755,47","","0,60%"
"06/02/2026","757,18","752,29","757,91","748,50","","0,71%"
"05/02/2026","751,85","757,49","759,20","748,14","","-0,79%"
"04/02/2026","757,83","760,05","762,29","757,08","","-0,32%"
"03/02/2026","760,24","755,68","773,72","753,69","","0,60%"
"02/02/2026","755,73","753,17","759,24","748,90","","0,46%"
"30/01/2026","752,24","755,92","759,09","750,53","","-0,54%"
"29/01/2026","756,31","755,33","775,96","752,66","","0,13%"
"28/01/2026","755,30","764,96","773,83","752,07","","-1,28%"
"27/01/2026","765,13","757,67","767,11","754,86","","1,00%"
"26/01/2026","757,53","762,08","767,10","755,09","","-0,64%"
"23/01/2026","762,42","755,13","762,58","752,41","","0,94%"
"22/01/2026","755,33","751,77","758,05","748,78","","0,48%"
"21/01/2026","751,69","754,91","760,32","750,12","","-0,41%"
"20/01/2026","754,80","756,30","762,52","754,09","","-0,29%"
"19/01/2026","757,00","754,92","757,83","752,74","","0,17%"
"16/01/2026","755,74","754,55","759,85","754,01","","0,13%"
"15/01/2026","754,75","756,59","757,40","751,84","","-0,26%"
"14/01/2026","756,70","754,99","757,94","754,76","","0,23%"
"13/01/2026","754,96","756,37","758,84","754,29","","-0,17%"
"12/01/2026","756,23","755,18","759,99","754,50","","0,13%"
"09/01/2026","755,26","754,35","756,61","752,38","","0,09%"
"08/01/2026","754,60","754,46","757,68","752,84","","0,04%"
"07/01/2026","754,32","754,03","757,94","752,94","","0,04%"
"06/01/2026","754,03","759,03","760,26","753,28","","-0,65%"
"05/01/2026","758,95","752,22","759,48","749,12","","0,96%"
"02/01/2026","751,74","752,89","754,26","748,91","","-0,19%"
"01/01/2026","753,17","753,28","753,31","753,14","","-0,01%"
"31/12/2025","753,25","750,53","762,62","747,83","","0,37%"
"30/12/2025","750,48","750,59","754,07","748,72","","0,00%"
"29/12/2025","750,45","751,54","753,24","749,60","","-0,20%"
"26/12/2025","751,92","752,14","752,55","749,58","","-0,04%"
"25/12/2025","752,24","751,19","752,66","751,08","","0,13%"
"24/12/2025","751,24","756,59","757,68","750,44","","-0,72%"
"23/12/2025","756,67","753,40","757,09","750,89","","0,41%"
"22/12/2025","753,56","749,54","759,00","748,72","","0,58%"
"19/12/2025","749,23","747,30","750,37","745,93","","0,25%"
"18/12/2025","747,36","749,45","753,42","745,55","","-0,27%"
"17/12/2025","749,42","748,42","751,16","743,03","","0,14%"
"16/12/2025","748,36","747,52","752,36","745,65","","0,09%"
"15/12/2025","747,72","747,16","749,23","745,60","","0,07%"
"12/12/2025","747,16","751,21","751,80","744,68","","-0,52%"
"11/12/2025","751,07","754,22","756,44","750,29","","-0,41%"
"10/12/2025","754,13","749,60","755,22","749,15","","0,64%"
"09/12/2025","749,31","749,36","751,44","747,56","","0,00%"
"08/12/2025","749,34","749,48","758,12","748,35","","-0,07%"
"05/12/2025","749,84","749,95","752,06","748,59","","-0,01%"
"04/12/2025","749,95","752,08","753,40","748,26","","-0,28%"
"03/12/2025","752,08","752,54","758,49","747,10","","-0,05%"
"02/12/2025","752,48","752,42","753,08","744,56","","0,00%"
"01/12/2025","752,48","753,51","756,07","745,78","","0,61%"
"28/11/2025","747,92","754,02","754,93","740,28","","-0,81%"
"27/11/2025","753,99","754,08","755,73","748,74","","-0,02%"
"26/11/2025","754,13","749,80","754,36","746,11","","0,57%"
"25/11/2025","749,83","745,75","752,65","744,59","","0,55%"
"24/11/2025","745,75","746,25","747,67","741,91","","-0,02%"
"21/11/2025","745,93","744,51","746,67","742,49","","0,19%"
"20/11/2025","744,51","737,86","747,47","735,90","","0,90%"
"19/11/2025","737,86","743,41","744,36","736,15","","-0,75%"
"18/11/2025","743,41","743,34","745,15","741,94","","0,02%"
"17/11/2025","743,29","743,98","746,84","742,64","","-0,31%"
"14/11/2025","745,57","746,64","747,39","741,78","","-0,14%"
"13/11/2025","746,64","742,30","748,31","741,88","","0,53%"
"12/11/2025","742,67","746,29","746,89","741,63","","-0,49%"
"11/11/2025","746,29","747,68","748,89","736,36","","-0,18%"
"10/11/2025","747,62","748,53","750,35","745,92","","-0,12%"
"07/11/2025","748,53","748,48","750,10","745,60","","0,01%"
"06/11/2025","748,48","745,01","749,29","743,64","","0,45%"
"05/11/2025","745,16","740,95","745,63","739,41","","0,57%"
"04/11/2025","740,95","746,55","748,07","738,73","","-0,72%"
"03/11/2025","746,32","758,84","760,70","741,32","","-1,76%"
"31/10/2025","759,70","741,53","759,87","739,52","","2,45%"
"30/10/2025","741,53","743,84","745,47","736,65","","-0,31%"
"29/10/2025","743,81","747,19","747,81","740,71","","-0,45%"
"28/10/2025","747,19","752,51","754,46","740,63","","-0,71%"
"27/10/2025","752,51","753,12","755,46","743,42","","-0,08%"
"24/10/2025","753,12","752,31","755,83","749,25","","0,11%"
"23/10/2025","752,31","754,92","755,40","750,91","","-0,35%"
"22/10/2025","754,98","753,79","756,56","750,01","","0,16%"
"21/10/2025","753,79","752,72","755,40","750,92","","0,15%"
"20/10/2025","752,69","752,19","755,05","750,68","","0,07%"
"17/10/2025","752,16","755,19","758,53","750,15","","-0,37%"
"16/10/2025","754,96","755,59","762,58","753,50","","-0,08%"
"15/10/2025","755,57","756,17","759,03","751,93","","-0,04%"
"14/10/2025","755,85","753,62","757,27","748,79","","0,30%"
"13/10/2025","753,62","757,15","757,95","752,80","","-0,47%"
"10/10/2025","757,15","751,40","757,92","744,51","","0,77%"
"09/10/2025","751,40","755,34","757,95","749,93","","-0,53%"
"08/10/2025","755,40","754,49","759,02","751,79","","0,12%"
"07/10/2025","754,49","755,86","756,69","752,16","","-0,18%"
"06/10/2025","755,84","751,49","756,23","750,32","","0,22%"
"03/10/2025","754,18","749,81","755,03","748,67","","0,52%"
"02/10/2025","750,26","751,37","753,29","748,00","","-0,15%"
"01/10/2025","751,37","751,27","755,66","750,29","","0,06%"
"30/09/2025","750,93","750,91","752,89","749,06","","0,00%"
"29/09/2025","750,91","748,64","754,66","748,03","","0,30%"
"26/09/2025","748,64","745,32","752,30","744,37","","0,45%"
"25/09/2025","745,29","746,34","750,36","742,92","","-0,14%"
"24/09/2025","746,31","752,39","752,66","745,39","","-0,81%"
"23/09/2025","752,39","754,03","755,45","750,26","","-0,22%"
"22/09/2025","754,03","748,87","754,78","747,23","","0,77%"
"19/09/2025","748,26","750,95","751,31","745,80","","-0,36%"
"18/09/2025","750,95","760,84","762,85","748,48","","-1,30%"
"17/09/2025","760,81","758,09","766,50","757,81","","0,36%"
"16/09/2025","758,09","760,41","764,21","757,73","","-0,28%"
"15/09/2025","760,19","757,50","762,15","756,70","","0,35%"
"12/09/2025","757,55","759,47","764,05","754,29","","-0,25%"
"11/09/2025","759,47","758,39","762,38","756,28","","0,14%"
"10/09/2025","758,39","754,73","760,24","753,94","","0,47%"
"09/09/2025","754,81","757,53","760,13","753,19","","-0,36%"
"08/09/2025","757,53","758,76","762,58","756,41","","-0,36%"
"05/09/2025","760,25","755,94","762,98","754,71","","0,57%"
"04/09/2025","755,97","759,64","760,55","753,67","","-0,48%"
"03/09/2025","759,64","749,45","760,49","746,77","","1,36%"
"02/09/2025","749,45","758,04","758,61","747,69","","-1,16%"
"01/09/2025","758,21","759,26","761,65","757,59","","-0,14%"
"29/08/2025","759,29","761,80","762,08","757,96","","-0,33%"
"28/08/2025","761,80","760,58","764,67","758,95","","0,16%"
"27/08/2025","760,58","760,75","778,49","756,97","","-0,01%"
"26/08/2025","760,64","754,52","761,53","753,26","","0,82%"
"25/08/2025","754,49","765,18","765,49","753,23","","-1,41%"
"22/08/2025","765,26","756,90","766,34","754,14","","1,10%"
"21/08/2025","756,95","756,59","760,05","753,39","","0,08%"
"20/08/2025","756,31","757,55","760,79","754,94","","-0,20%"
"19/08/2025","757,86","756,84","767,29","755,13","","0,13%"
"18/08/2025","756,90","761,26","762,32","756,70","","-0,58%"
"15/08/2025","761,31","760,83","762,66","756,98","","0,06%"
"14/08/2025","760,83","759,55","763,61","756,39","","0,17%"
"13/08/2025","759,55","762,38","768,18","758,06","","-0,37%"
"12/08/2025","762,39","755,83","765,12","755,15","","0,86%"
"11/08/2025","755,91","755,25","760,12","753,30","","-0,02%"
"08/08/2025","756,06","758,19","760,66","753,96","","-0,28%"
"07/08/2025","758,16","755,20","773,24","751,10","","0,37%"
"06/08/2025","755,34","741,50","758,91","740,92","","1,87%"
"05/08/2025","741,50","754,63","757,13","740,75","","-1,69%"
"04/08/2025","754,26","761,21","763,54","751,08","","-1,05%"
"01/08/2025","762,24","749,20","763,05","745,37","","1,74%"
"31/07/2025","749,17","752,38","763,26","747,86","","-0,45%"
"30/07/2025","752,58","745,71","773,08","745,18","","0,93%"
"29/07/2025","745,68","748,24","771,66","744,85","","-0,31%"
"28/07/2025","747,99","749,62","752,47","745,93","","-0,25%"
"25/07/2025","749,87","753,21","753,66","747,89","","-0,44%"
"24/07/2025","753,18","758,25","759,54","752,09","","-0,71%"
"23/07/2025","758,53","759,51","762,19","755,68","","-0,13%"
"22/07/2025","759,54","759,74","760,44","755,64","","-0,05%"
"21/07/2025","759,94","756,32","761,46","755,70","","0,44%"
"18/07/2025","756,58","758,64","762,46","754,69","","-0,32%"
"17/07/2025","759,01","757,85","759,54","752,90","","0,13%"
"16/07/2025","758,02","751,49","761,03","750,23","","0,87%"
"15/07/2025","751,49","751,26","756,50","749,89","","0,03%"
"14/07/2025","751,26","757,72","758,25","751,12","","-0,85%"
"11/07/2025","757,72","757,80","760,39","752,30","","-0,07%"
"10/07/2025","758,25","760,28","762,55","755,53","","-0,27%"
"09/07/2025","760,28","758,12","762,13","755,45","","0,28%"
"08/07/2025","758,12","757,49","761,71","753,87","","0,08%"
"07/07/2025","757,49","757,29","761,61","754,04","","-0,13%"
"04/07/2025","758,45","758,67","760,09","757,34","","-0,01%"
"03/07/2025","758,56","759,61","762,12","754,90","","-0,14%"
"02/07/2025","759,61","764,91","765,96","756,12","","-0,70%"
"01/07/2025","764,99","768,13","771,21","762,54","","-0,41%"
"30/06/2025","768,13","767,09","772,49","764,72","","0,10%"
"27/06/2025","767,38","769,02","779,17","765,45","","-0,19%"
"26/06/2025","768,85","772,42","785,23","768,38","","-0,46%"
"25/06/2025","772,39","770,92","779,39","768,97","","0,18%"
"24/06/2025","770,98","771,57","778,16","768,34","","-0,08%"
"23/06/2025","771,57","767,50","772,68","760,66","","0,38%"
"20/06/2025","768,67","769,58","772,61","766,09","","-0,13%"
"19/06/2025","769,67","764,36","770,74","761,77","","0,74%"
"18/06/2025","764,02","764,57","767,26","761,09","","-0,05%"
"17/06/2025","764,37","770,94","771,39","761,25","","-0,83%"
"16/06/2025","770,77","770,16","784,85","768,25","","0,08%"
"13/06/2025","770,18","775,63","784,71","768,34","","-0,70%"
"12/06/2025","775,63","778,99","783,10","773,78","","-0,38%"
"11/06/2025","778,56","774,11","779,88","771,91","","0,57%"
"10/06/2025","774,11","778,14","778,69","771,61","","-0,47%"
"09/06/2025","777,77","777,93","780,25","775,31","","0,00%"
"06/06/2025","777,76","780,41","780,93","773,85","","-0,29%"
"05/06/2025","780,01","780,82","782,79","777,39","","-0,08%"
"04/06/2025","780,62","776,89","785,74","775,91","","0,48%"
"03/06/2025","776,92","778,01","779,51","775,40","","-0,20%"
"02/06/2025","778,44","778,86","784,73","776,83","","-0,08%"
"30/05/2025","779,03","785,09","786,43","778,22","","-0,78%"
"29/05/2025","785,12","780,45","786,20","776,92","","2,90%"
"24/05/2022","762,96","777,90","780,82","763,16","","-1,29%"
"23/05/2022","772,93","774,32","783,22","774,14","","0,17%"
"20/05/2022","771,63","774,86","781,56","772,10","","-0,24%"
"19/05/2022","773,45","769,71","786,26","769,49","","1,06%"
"18/05/2022","765,33","786,47","787,03","769,02","","-2,12%"
"17/05/2022","781,87","775,36","790,79","775,29","","1,40%"
"16/05/2022","771,04","771,79","777,90","770,19","","0,26%"
"13/05/2022","769,07","764,97","773,74","761,63","","1,11%"
"12/05/2022","760,61","762,02","768,99","756,06","","0,47%"
"11/05/2022","757,05","765,35","770,75","760,47","","-0,50%"
"10/05/2022","760,88","768,90","773,76","762,91","","-0,64%"
"09/05/2022","765,76","770,85","773,61","765,36","","-0,07%"
"06/05/2022","766,28","771,24","772,88","765,54","","-0,08%"
"05/05/2022","766,88","787,30","788,46","766,85","","-2,03%"
"04/05/2022","782,75","776,94","788,36","775,67","","1,18%"
"03/05/2022","773,63","775,85","787,19","775,13","","0,30%"
"02/05/2022","771,32","781,65","782,40","774,35","","-0,64%"
"29/04/2022","776,26","775,17","784,16","774,64","","0,72%"
"28/04/2022","770,72","770,56","782,42","762,80","","0,65%"
"27/04/2022","765,74","771,79","781,06","767,28","","-0,21%"
"26/04/2022","767,33","778,86","786,89","770,96","","-0,90%"
"25/04/2022","774,27","780,05","780,11","770,50","","-0,24%"
"22/04/2022","776,14","782,81","785,58","773,46","","-0,24%"
"21/04/2022","777,98","792,61","793,55","781,94","","-1,26%"
"20/04/2022","787,88","789,66","796,74","773,45","","0,21%"
"19/04/2022","786,26","791,40","792,22","788,08","","-0,16%"
"18/04/2022","787,49","785,17","792,25","781,86","","0,85%"
"15/04/2022","780,87","788,57","789,45","784,32","","-0,58%"
"14/04/2022","785,40","794,50","797,64","783,58","","-0,56%"
"13/04/2022","789,85","784,75","796,09","783,19","","1,24%"
"12/04/2022","780,14","783,82","793,28","781,94","","0,15%"
"11/04/2022","778,95","787,82","788,57","782,45","","-0,54%"
"08/04/2022","783,16","794,25","797,26","781,98","","-1,14%"
"07/04/2022","792,18","792,67","795,18","782,67","","0,18%"
"06/04/2022","790,80","780,40","793,94","776,83","","1,88%"
"05/04/2022","776,24","778,38","793,72","777,78","","0,33%"
"04/04/2022","773,67","778,32","781,59","776,74","","0,01%"
"01/04/2022","773,61","772,49","787,66","770,99","","0,77%"
"31/03/2022","767,68","774,82","776,56","770,96","","-0,32%"
"30/03/2022","770,13","779,56","783,21","773,81","","-0,66%"
"29/03/2022","775,22","783,17","787,00","777,21","","-0,42%"
"28/03/2022","778,50","784,45","792,32","779,06","","-0,10%"
"25/03/2022","779,27","785,10","792,61","782,96","","-0,07%"
"24/03/2022","779,77","785,73","794,61","782,13","","-0,15%"
"23/03/2022","780,96","792,77","796,04","783,55","","-0,88%"
"22/03/2022","787,92","779,93","795,61","776,91","","1,66%"
"21/03/2022","775,02","780,70","793,65","777,86","","-0,09%"
"18/03/2022","775,74","781,71","789,86","776,41","","-0,15%"
"17/03/2022","776,93","786,70","794,52","779,00","","-0,62%"
"16/03/2022","781,80","777,96","795,02","776,74","","0,95%"
"15/03/2022","774,46","775,57","783,02","775,39","","0,46%"
"14/03/2022","770,90","780,55","786,27","775,22","","-0,83%"
"11/03/2022","777,39","775,73","784,34","773,23","","0,84%"
"10/03/2022","770,92","791,88","793,05","774,98","","-2,10%"
"09/03/2022","787,45","791,13","795,89","788,51","","0,12%"
"08/03/2022","786,51","788,86","793,66","788,54","","0,22%"
"07/03/2022","784,81","788,00","800,97","785,44","","0,20%"
"04/03/2022","783,25","788,75","796,22","785,20","","-0,11%"
"03/03/2022","784,08","792,53","792,93","786,54","","-0,51%"
"02/03/2022","788,08","799,05","803,63","778,23","","-1,20%"
"01/03/2022","797,68","787,48","801,76","777,83","","1,92%"
"28/02/2022","782,66","784,65","798,35","779,06","","0,36%"
"25/02/2022","779,84","780,94","792,35","774,49","","0,48%"
"24/02/2022","776,08","783,52","794,74","774,72","","-0,33%"
"23/02/2022","778,66","788,55","793,42","782,61","","-0,64%"
"22/02/2022","783,68","784,86","793,79","781,38","","0,50%"
"21/02/2022","779,78","784,36","793,77","783,79","","0,06%"
"18/02/2022","779,32","785,87","792,69","782,95","","-0,23%"
"17/02/2022","781,10","783,60","793,28","781,79","","0,32%"
"16/02/2022","778,65","784,07","794,51","781,86","","-0,07%"
"15/02/2022","779,16","779,28","789,55","778,38","","0,59%"
"14/02/2022","774,61","779,82","791,69","777,57","","-0,31%"
"11/02/2022","776,99","777,97","788,85","775,65","","0,48%"
"10/02/2022","773,29","778,21","785,18","776,16","","-0,01%"
"09/02/2022","773,35","777,99","789,72","775,72","","-0,15%"
"08/02/2022","774,55","776,15","786,34","773,48","","0,30%"
"07/02/2022","772,25","774,62","787,53","773,24","","-1,67%"
"04/02/2022","785,34","791,64","793,37","773,28","","-0,56%"
"03/02/2022","789,78","799,77","804,67","788,04","","-1,04%"
"02/02/2022","798,09","788,66","802,59","784,04","","1,78%"
"01/02/2022","784,16","790,35","794,29","786,42","","-0,17%"
"31/01/2022","785,52","789,57","798,39","787,26","","0,05%"
"28/01/2022","785,14","782,72","799,30","782,46","","0,88%"
"27/01/2022","778,27","782,35","784,37","776,37","","0,12%"
"26/01/2022","777,37","782,55","794,66","780,32","","-0,07%"
"25/01/2022","777,94","780,90","793,20","777,89","","0,24%"
"24/01/2022","776,06","784,55","794,16","777,84","","-0,47%"
"21/01/2022","779,69","785,40","795,83","782,86","","-0,08%"
"20/01/2022","780,35","788,19","790,69","784,56","","-0,43%"
"19/01/2022","783,73","784,72","789,96","782,24","","0,25%"
"18/01/2022","781,75","780,95","785,11","777,05","","0,73%"
"17/01/2022","776,06","782,55","783,50","780,32","","-0,20%"
"14/01/2022","777,65","784,35","787,22","781,18","","-0,23%"
"13/01/2022","779,47","791,15","793,79","782,90","","-0,89%"
"12/01/2022","786,44","788,68","792,18","786,56","","0,27%"
"11/01/2022","784,29","785,74","789,34","784,00","","0,42%"
"10/01/2022","781,02","787,45","789,45","783,10","","-0,32%"
"07/01/2022","783,51","786,18","789,87","784,93","","0,29%"
"06/01/2022","781,24","786,96","788,53","783,30","","-0,11%"
"05/01/2022","782,07","786,66","789,48","783,66","","0,06%"
"04/01/2022","781,58","779,44","788,09","778,55","","0,90%"
"03/01/2022","774,58","784,80","785,50","776,95","","-0,69%"
"31/12/2021","779,95","782,09","793,22","781,95","","0,35%"
"30/12/2021","777,25","783,07","794,05","780,36","","-0,12%"
"29/12/2021","778,20","778,62","792,53","777,23","","0,57%"
"28/12/2021","773,80","778,45","787,63","776,90","","0,00%"
"27/12/2021","773,81","773,77","788,14","773,77","","0,54%"
"24/12/2021","769,64","776,06","777,85","773,60","","-0,48%"
"23/12/2021","773,37","777,54","790,36","773,55","","0,11%"
"22/12/2021","772,52","771,72","778,12","769,55","","0,58%"
"21/12/2021","768,03","769,97","772,85","767,23","","0,35%"
"20/12/2021","765,35","770,39","780,73","764,70","","-0,20%"
"17/12/2021","766,85","774,18","775,05","765,33","","-0,33%"
"16/12/2021","769,37","771,67","783,05","769,46","","0,27%"
"15/12/2021","767,26","771,07","782,55","766,58","","-0,17%"
"14/12/2021","768,59","769,13","775,59","766,70","","0,46%"
"13/12/2021","765,07","769,07","777,74","766,27","","-0,16%"
"10/12/2021","766,28","766,10","780,39","765,43","","0,47%"
"09/12/2021","762,74","767,54","772,22","763,54","","-0,05%"
"08/12/2021","763,15","769,12","779,95","766,61","","-0,16%"
"07/12/2021","764,39","772,13","777,95","766,64","","-0,48%"
"06/12/2021","768,12","769,84","780,53","768,27","","0,39%"
"03/12/2021","765,15","772,41","777,40","767,74","","-0,46%"
"02/12/2021","768,71","770,64","782,31","768,39","","0,39%"
"01/12/2021","765,76","771,01","783,23","767,60","","-0,05%"
"30/11/2021","766,12","775,53","777,14","764,95","","-0,67%"
"29/11/2021","771,27","778,51","786,86","772,34","","-0,46%"
"26/11/2021","774,82","776,89","785,43","775,13","","0,34%"
"25/11/2021","772,23","778,52","782,21","776,19","","-0,47%"
"24/11/2021","775,90","780,94","781,67","775,55","","-0,02%"
"23/11/2021","776,03","788,79","789,17","778,46","","-1,55%"
"22/11/2021","788,21","777,39","791,43","775,72","","0,02%"
"19/11/2021","788,06","781,07","788,94","763,50","","1,49%"
"18/11/2021","776,52","782,81","783,84","779,54","","-0,29%"
"17/11/2021","778,78","774,63","790,96","772,59","","1,18%"
"16/11/2021","769,70","768,47","788,13","767,41","","0,81%"
"15/11/2021","763,48","770,03","770,57","766,38","","-0,27%"
"12/11/2021","765,57","764,27","774,52","763,12","","0,80%"
"11/11/2021","759,47","772,69","773,94","759,81","","-1,55%"
"10/11/2021","771,42","773,56","775,51","759,79","","-0,10%"
"09/11/2021","772,21","774,20","779,34","759,13","","-0,10%"
"08/11/2021","772,97","765,98","778,54","752,50","","1,56%"
"05/11/2021","761,06","772,35","773,32","763,36","","-1,38%"
"04/11/2021","771,69","779,11","781,26","763,68","","-0,88%"
"03/11/2021","778,55","777,33","780,71","768,77","","0,25%"
"02/11/2021","776,64","770,66","782,73","766,26","","1,25%"
"01/11/2021","767,01","769,30","774,13","766,87","","0,27%"
"29/10/2021","764,98","779,83","783,92","768,46","","-1,27%"
"28/10/2021","774,83","783,27","788,50","775,09","","-1,00%"
"27/10/2021","782,67","778,98","789,76","774,93","","1,12%"
"26/10/2021","773,99","774,97","783,50","771,74","","0,27%"
"25/10/2021","771,93","775,16","783,19","771,12","","-0,05%"
"22/10/2021","772,30","778,29","785,22","774,00","","-0,28%"
"21/10/2021","774,43","780,37","789,87","775,81","","-0,14%"
"20/10/2021","775,53","780,34","784,12","776,00","","0,01%"
"19/10/2021","775,46","774,26","782,10","774,06","","0,71%"
"18/10/2021","769,97","777,94","782,55","773,78","","-0,51%"
"15/10/2021","773,93","773,03","788,23","772,12","","0,61%"
"14/10/2021","769,23","775,72","779,43","771,50","","-0,24%"
"13/10/2021","771,05","770,10","780,07","769,39","","0,77%"
"12/10/2021","765,18","772,76","777,35","768,63","","-0,34%"
"11/10/2021","767,78","773,56","783,69","771,88","","-0,16%"
"08/10/2021","769,02","777,43","780,30","770,16","","-0,58%"
"07/10/2021","773,50","769,87","793,28","769,42","","1,08%"
"06/10/2021","765,23","770,89","779,14","766,34","","-0,09%"
"05/10/2021","765,95","769,36","773,62","767,84","","0,18%"
"04/10/2021","764,54","767,13","777,75","757,59","","0,30%"
"01/10/2021","762,24","755,78","768,95","753,22","","1,49%"
"30/09/2021","751,06","752,42","772,27","751,32","","0,28%"
"29/09/2021","748,95","760,36","766,60","751,71","","-0,87%"
"28/09/2021","755,54","765,29","770,28","759,01","","-0,65%"
"27/09/2021","760,47","764,40","771,30","763,11","","0,21%"
"24/09/2021","758,85","768,69","777,20","762,14","","-0,63%"
"23/09/2021","763,64","774,72","777,03","761,84","","-1,14%"
"22/09/2021","772,44","764,17","774,82","761,98","","1,71%"
"21/09/2021","759,44","766,95","771,33","763,19","","-0,44%"
"20/09/2021","762,83","766,77","776,95","761,17","","-0,07%"
"17/09/2021","763,38","767,18","770,54","764,58","","0,16%"
"16/09/2021","762,13","775,97","778,25","764,75","","-1,57%"
"15/09/2021","774,30","767,13","778,51","765,74","","1,57%"
"14/09/2021","762,33","770,24","778,61","766,80","","-0,41%"
"13/09/2021","765,48","766,90","781,28","764,33","","0,24%"
"10/09/2021","763,62","767,44","770,71","766,17","","0,07%"
"09/09/2021","763,10","763,75","769,68","761,92","","0,47%"
"08/09/2021","759,55","762,32","765,40","759,41","","0,13%"
"07/09/2021","758,56","764,09","765,95","759,79","","-0,08%"
"06/09/2021","759,14","765,58","777,73","763,57","","-0,22%"
"03/09/2021","760,84","769,12","769,87","763,11","","-0,42%"
"02/09/2021","764,05","765,95","770,43","763,72","","0,44%"
"01/09/2021","760,68","764,67","767,67","763,42","","0,10%"
"31/08/2021","759,91","765,11","767,73","763,16","","-0,03%"
"30/08/2021","760,13","766,67","769,17","763,92","","-0,22%"
"27/08/2021","761,79","765,03","768,78","763,52","","0,20%"
"26/08/2021","760,29","768,55","769,06","763,78","","-0,44%"
"25/08/2021","763,62","767,58","768,92","764,91","","0,13%"
"24/08/2021","762,64","768,50","770,58","765,60","","-0,14%"
"23/08/2021","763,69","765,49","769,56","763,87","","0,48%"
"20/08/2021","760,05","761,93","770,12","760,51","","0,23%"
"19/08/2021","758,27","770,74","772,27","761,35","","-0,98%"
"18/08/2021","765,81","770,27","777,09","767,80","","0,03%"
"17/08/2021","765,56","776,29","776,55","765,58","","-0,76%"
"16/08/2021","771,45","773,60","777,26","771,04","","0,18%"
"13/08/2021","770,09","773,48","775,67","772,61","","0,19%"
"12/08/2021","768,59","777,25","779,92","772,21","","-0,44%"
"11/08/2021","771,99","768,43","778,10","766,04","","1,12%"
"10/08/2021","763,44","768,43","782,16","767,37","","0,00%"
"09/08/2021","763,47","770,34","776,42","768,12","","-0,20%"
"06/08/2021","764,99","772,11","772,95","769,26","","-0,36%"
"05/08/2021","767,71","765,98","772,59","765,01","","0,87%"
"04/08/2021","761,12","768,51","770,28","765,37","","-0,32%"
"03/08/2021","763,53","765,65","768,76","765,40","","0,37%"
"02/08/2021","760,68","772,20","775,29","765,21","","-0,87%"
"30/07/2021","767,34","773,52","777,12","769,74","","-0,71%"
"29/07/2021","772,85","772,15","778,76","769,51","","0,74%"
"28/07/2021","767,17","771,78","777,35","768,84","","0,08%"
"27/07/2021","766,54","772,74","777,91","765,52","","-0,68%"
"26/07/2021","771,80","766,30","774,60","765,02","","1,44%"
"23/07/2021","760,83","765,45","768,85","763,29","","0,06%"
"22/07/2021","760,41","766,15","770,34","762,09","","-0,53%"
"21/07/2021","764,43","758,80","769,99","756,65","","1,40%"
"20/07/2021","753,86","771,10","771,77","755,53","","-1,58%"
"19/07/2021","765,97","765,87","773,69","761,59","","0,80%"
"16/07/2021","759,88","766,87","768,99","764,06","","-0,27%"
"15/07/2021","761,92","769,81","771,76","764,33","","-0,58%"
"14/07/2021","766,35","764,26","773,25","763,33","","0,93%"
"13/07/2021","759,31","767,15","768,83","761,51","","-0,35%"
"12/07/2021","762,01","772,63","773,10","765,52","","-0,72%"
"09/07/2021","767,57","768,30","773,09","762,95","","0,04%"
"08/07/2021","767,27","765,61","778,84","762,54","","0,86%"
"07/07/2021","760,72","761,76","767,35","761,04","","0,50%"
"06/07/2021","756,93","768,00","771,90","759,24","","-0,82%"
"05/07/2021","763,21","766,78","771,78","766,53","","0,17%"
"02/07/2021","761,88","761,43","768,08","759,36","","0,63%"
"01/07/2021","757,13","762,67","776,10","755,70","","-0,08%"
"30/06/2021","757,72","762,53","774,98","758,67","","0,03%"
"29/06/2021","757,47","764,06","765,64","759,41","","-0,33%"
"28/06/2021","760,01","763,44","770,09","761,62","","0,19%"
"25/06/2021","758,56","765,07","766,91","762,04","","-0,21%"
"24/06/2021","760,14","768,31","770,21","762,89","","-0,40%"
"23/06/2021","763,21","769,23","772,54","766,54","","-0,14%"
"22/06/2021","764,30","770,07","770,51","764,24","","-0,10%"
"21/06/2021","765,05","760,99","774,59","759,58","","1,19%"
"18/06/2021","756,04","764,24","767,19","759,91","","-0,43%"
"17/06/2021","759,28","756,47","766,60","754,19","","1,03%"
"16/06/2021","751,52","761,68","766,10","756,12","","-0,76%"
"15/06/2021","757,29","764,60","765,84","758,66","","-0,28%"
"14/06/2021","759,42","759,96","769,83","757,32","","0,68%"
"11/06/2021","754,32","764,50","766,14","758,64","","-0,66%"
"10/06/2021","759,32","760,74","771,15","758,18","","0,48%"
"09/06/2021","755,67","763,14","771,28","760,08","","-0,31%"
"08/06/2021","758,00","765,17","769,48","761,45","","-0,26%"
"07/06/2021","759,94","767,71","769,00","764,01","","-0,25%"
"04/06/2021","761,84","759,23","769,69","757,41","","1,01%"
"03/06/2021","754,21","759,57","765,16","757,98","","-0,03%"
"02/06/2021","754,45","758,60","763,15","757,07","","0,16%"
"01/06/2021","753,27","764,30","766,27","757,38","","-0,77%"
"31/05/2021","759,12","763,59","773,30","760,81","","0,01%"
"28/05/2021","759,06","763,63","766,15","759,84","","0,07%"
"27/05/2021","758,49","756,91","764,80","755,28","","0,89%"
"26/05/2021","751,78","757,54","761,48","754,62","","-0,09%"
"25/05/2021","752,48","759,88","763,53","755,21","","-0,31%"
"24/05/2021","754,82","761,05","761,94","757,38","","-0,35%"
"21/05/2021","757,44","763,45","765,29","758,73","","-0,13%"
"20/05/2021","758,40","756,30","771,82","755,79","","0,92%"
"19/05/2021","751,52","763,18","772,34","754,97","","-0,86%"
"18/05/2021","758,06","763,51","770,51","761,63","","-0,13%"
"17/05/2021","759,01","763,33","778,20","760,83","","0,04%"
"14/05/2021","758,72","759,51","769,63","758,62","","0,56%"
"13/05/2021","754,48","759,65","761,58","756,54","","-0,01%"
"12/05/2021","754,59","764,32","765,71","758,84","","-0,63%"
"11/05/2021","759,37","762,70","770,47","760,34","","0,20%"
"10/05/2021","757,89","758,39","769,99","758,29","","0,50%"
"07/05/2021","754,14","757,54","766,10","754,43","","0,20%"
"06/05/2021","752,62","761,06","762,98","750,53","","-0,48%"
"05/05/2021","756,27","758,23","761,61","752,12","","0,40%"
"04/05/2021","753,26","758,15","758,86","749,28","","0,01%"
"03/05/2021","753,17","749,08","768,56","747,62","","1,30%"
"30/04/2021","743,54","754,61","759,86","747,43","","-0,81%"
"29/04/2021","749,62","763,87","766,18","753,01","","-1,54%"
"28/04/2021","761,38","755,99","769,88","751,41","","1,40%"
"27/04/2021","750,90","753,59","761,71","751,38","","0,29%"
"26/04/2021","748,75","755,39","759,01","751,02","","-0,24%"
"23/04/2021","750,58","754,86","758,41","753,29","","-0,09%"
"22/04/2021","751,29","760,59","765,63","752,63","","-0,58%"
"21/04/2021","755,65","757,50","772,25","755,57","","0,41%"
"20/04/2021","752,54","765,76","768,58","756,35","","-1,07%"
"19/04/2021","760,68","757,61","777,72","756,62","","1,03%"
"16/04/2021","752,93","755,71","765,68","752,01","","0,29%"
"15/04/2021","750,77","759,97","770,25","753,00","","-0,58%"
"14/04/2021","755,14","759,34","762,22","754,22","","0,10%"
"13/04/2021","754,37","757,76","771,28","755,20","","0,19%"
"12/04/2021","752,95","756,60","761,41","753,82","","0,24%"
"09/04/2021","751,14","758,09","759,06","754,56","","-0,28%"
"08/04/2021","753,23","763,04","765,65","757,46","","-0,64%"
"07/04/2021","758,12","769,27","772,26","761,88","","-1,30%"
"06/04/2021","768,08","774,34","779,57","766,85","","-0,15%"
"05/04/2021","769,20","770,16","777,02","769,36","","-0,84%"
"02/04/2021","775,71","776,06","778,34","768,66","","0,15%"
"01/04/2021","774,54","776,24","778,09","769,24","","-0,03%"
"31/03/2021","774,78","767,04","784,03","765,67","","1,65%"
"30/03/2021","762,17","766,23","777,55","762,49","","0,13%"
"29/03/2021","761,22","765,86","782,06","763,80","","0,08%"
"26/03/2021","760,59","775,79","779,37","763,94","","-1,67%"
"25/03/2021","773,48","752,73","776,25","751,74","","3,45%"
"24/03/2021","747,69","759,04","763,16","751,87","","-1,15%"
"23/03/2021","756,40","765,21","768,11","756,15","","-0,52%"
"22/03/2021","760,36","760,16","770,20","757,48","","0,64%"
"19/03/2021","755,53","777,31","778,23","758,39","","-2,16%"
"18/03/2021","772,21","772,45","779,50","764,31","","0,09%"
"17/03/2021","771,54","773,21","777,19","763,09","","-0,13%"
"16/03/2021","772,55","764,45","774,21","759,59","","1,66%"
"15/03/2021","759,95","764,56","776,85","761,14","","0,10%"
"12/03/2021","759,21","768,72","770,59","761,34","","-0,61%"
"11/03/2021","763,85","769,05","776,58","765,92","","-0,02%"
"10/03/2021","764,01","773,52","778,52","766,11","","-1,12%"
"09/03/2021","772,65","773,22","777,34","761,43","","0,02%"
"08/03/2021","772,51","753,08","778,98","750,62","","3,21%"
"05/03/2021","748,45","755,25","756,92","749,10","","-0,43%"
"04/03/2021","751,67","761,47","762,90","754,45","","-0,64%"
"03/03/2021","756,50","761,49","769,69","757,42","","-0,01%"
"02/03/2021","756,60","755,38","763,66","750,68","","0,48%"
"01/03/2021","753,02","753,40","766,46","751,17","","0,65%"
"26/02/2021","748,15","755,41","756,43","749,76","","-0,30%"
"25/02/2021","750,40","762,96","766,27","754,57","","-1,03%"
"24/02/2021","758,20","760,46","768,00","758,44","","0,36%"
"23/02/2021","755,52","762,22","764,46","757,48","","-0,22%"
"22/02/2021","757,18","758,21","765,85","756,60","","0,34%"
"19/02/2021","754,65","761,25","764,29","757,06","","-0,19%"
"18/02/2021","756,11","752,67","761,75","751,69","","1,15%"
"17/02/2021","747,50","751,62","755,95","748,09","","0,14%"
"16/02/2021","746,43","751,46","761,13","749,25","","-0,02%"
"15/02/2021","746,59","749,07","765,52","749,07","","0,35%"
"12/02/2021","743,95","747,50","750,97","745,13","","0,20%"
"11/02/2021","742,50","747,97","750,32","744,70","","-0,05%"
"10/02/2021","742,91","750,21","753,67","746,89","","-0,32%"
"09/02/2021","745,27","748,86","756,93","746,57","","0,18%"
"08/02/2021","743,91","752,69","755,63","745,33","","-0,56%"
"05/02/2021","748,11","746,86","753,44","745,78","","0,83%"
"04/02/2021","741,94","744,08","756,87","740,29","","0,38%"
"03/02/2021","739,16","742,64","755,39","738,90","","0,17%"
"02/02/2021","737,91","752,80","753,16","736,21","","-1,68%"
"01/02/2021","750,54","744,62","753,52","737,33","","1,46%"
"29/01/2021","739,75","744,34","746,35","738,36","","0,04%"
"28/01/2021","739,45","738,47","745,87","735,31","","0,82%"
"27/01/2021","733,46","743,09","744,75","737,27","","-0,66%"
"26/01/2021","738,36","736,69","745,65","733,20","","0,88%"
"25/01/2021","731,90","738,38","740,81","735,31","","-0,26%"
"22/01/2021","733,80","742,61","742,88","735,61","","-0,54%"
"21/01/2021","737,75","736,66","744,70","736,45","","0,81%"
"20/01/2021","731,80","738,69","742,22","734,61","","-0,28%"
"19/01/2021","733,84","747,60","749,88","734,18","","-1,20%"
"18/01/2021","742,76","734,76","750,97","731,49","","-0,96%"
"15/01/2021","749,97","739,15","751,70","732,34","","2,13%"
"14/01/2021","734,31","732,40","740,51","731,08","","0,94%"
"13/01/2021","727,47","747,46","750,62","731,39","","-2,51%"
"12/01/2021","746,16","742,78","748,72","722,87","","0,65%"
"11/01/2021","741,38","722,71","743,07","716,79","","3,29%"
"08/01/2021","717,75","722,36","741,96","720,57","","0,04%"
"07/01/2021","717,48","724,29","737,12","720,01","","-0,28%"
"06/01/2021","719,47","728,34","737,57","720,69","","-0,53%"
"05/01/2021","723,33","725,72","730,11","724,80","","0,35%"
"04/01/2021","720,81","729,71","733,88","722,17","","-0,61%"
"01/01/2021","725,25","730,11","730,67","730,11","","-0,01%"
"31/12/2020","725,35","727,45","731,38","726,33","","0,38%"
"30/12/2020","722,58","723,01","729,36","722,55","","0,61%"
"29/12/2020","718,20","722,44","725,56","721,02","","0,00%"
"28/12/2020","718,23","727,76","739,70","720,47","","-0,68%"
"25/12/2020","723,12","728,28","730,19","727,97","","-0,05%"
"24/12/2020","723,48","736,95","743,33","726,52","","-1,61%"
"23/12/2020","735,34","732,60","739,72","716,55","","0,71%"
"22/12/2020","730,18","721,39","733,61","713,92","","1,90%"
"21/12/2020","716,57","721,59","727,72","710,23","","-2,23%"
"18/12/2020","732,89","729,60","737,20","722,02","","0,86%"
"17/12/2020","726,64","728,47","734,73","726,39","","0,41%"
"16/12/2020","723,69","726,81","731,95","725,09","","0,21%"
"15/12/2020","722,18","719,42","734,98","717,62","","1,05%"
"14/12/2020","714,70","716,80","735,59","716,43","","0,65%"
"11/12/2020","710,08","719,29","723,03","710,18","","-0,62%"
"10/12/2020","714,50","725,10","726,08","714,35","","-1,05%"
"09/12/2020","722,04","721,17","734,76","720,34","","0,12%"
"08/12/2020","721,17","718,67","730,64","681,20","","-0,65%"
"07/12/2020","725,90","725,57","734,06","716,69","","0,79%"
"04/12/2020","720,22","729,09","735,31","722,78","","-0,68%"
"03/12/2020","725,17","725,84","734,74","724,23","","0,54%"
"02/12/2020","721,27","735,92","736,96","721,82","","-1,30%"
"01/12/2020","730,78","732,85","738,40","730,76","","0,38%"
"30/11/2020","727,99","731,92","736,04","730,10","","0,10%"
"27/11/2020","727,28","736,21","741,40","730,45","","-0,57%"
"26/11/2020","731,45","737,35","748,07","734,28","","-0,21%"
"25/11/2020","733,00","739,59","741,00","735,26","","-0,25%"
"24/11/2020","734,85","736,50","741,65","735,74","","0,43%"
"23/11/2020","731,73","734,69","741,62","733,10","","0,17%"
"20/11/2020","730,51","734,02","737,19","733,08","","0,16%"
"19/11/2020","729,35","734,77","735,08","730,40","","-0,06%"
"18/11/2020","729,79","732,39","739,32","732,28","","0,30%"
"17/11/2020","727,59","738,41","741,50","729,63","","-1,33%"
"16/11/2020","737,36","731,44","743,09","727,23","","1,35%"
"13/11/2020","727,51","730,23","742,32","728,77","","-0,36%"
"12/11/2020","730,12","734,56","734,67","728,31","","0,02%"
"11/11/2020","730,00","736,82","739,34","732,18","","-0,28%"
"10/11/2020","732,06","730,25","737,29","729,03","","0,25%"
"09/11/2020","730,25","729,52","735,30","726,15","","-2,57%"
"06/11/2020","749,52","751,68","752,64","727,08","","-0,29%"
"05/11/2020","751,71","749,38","753,57","728,14","","0,30%"
"04/11/2020","749,47","736,58","753,07","727,58","","2,40%"
"03/11/2020","731,90","728,60","738,82","727,04","","1,11%"
"02/11/2020","723,89","722,39","733,61","717,23","","0,88%"
"30/10/2020","717,58","721,44","735,10","719,71","","0,12%"
"29/10/2020","716,75","720,53","724,17","714,22","","0,08%"
"28/10/2020","716,18","724,05","727,30","719,03","","-1,08%"
"27/10/2020","723,97","721,44","734,28","720,14","","0,95%"
"26/10/2020","717,18","723,84","731,05","719,91","","-0,23%"
"23/10/2020","718,83","723,81","730,25","721,64","","-0,06%"
"22/10/2020","719,27","732,21","734,64","722,16","","-1,77%"
"21/10/2020","732,21","721,75","734,91","720,61","","2,16%"
"20/10/2020","716,72","725,64","734,56","718,75","","-0,57%"
"19/10/2020","720,82","723,56","730,88","722,11","","0,34%"
"16/10/2020","718,36","721,33","738,98","719,39","","-0,41%"
"15/10/2020","721,33","726,93","738,62","719,68","","-0,15%"
"14/10/2020","722,44","717,89","743,97","713,87","","1,28%"
"13/10/2020","713,31","725,25","731,35","717,70","","-0,98%"
"12/10/2020","720,37","725,92","727,76","722,40","","-0,28%"
"09/10/2020","722,36","720,80","727,63","717,94","","0,86%"
"08/10/2020","716,16","720,88","736,29","718,09","","-0,02%"
"07/10/2020","716,30","720,58","723,46","714,66","","0,05%"
"06/10/2020","715,96","726,12","728,56","719,85","","-0,77%"
"05/10/2020","721,52","722,34","727,86","720,41","","0,50%"
"02/10/2020","717,95","720,07","725,94","716,95","","0,36%"
"01/10/2020","715,34","722,76","726,34","717,04","","-0,40%"
"30/09/2020","718,24","722,29","725,76","717,79","","0,08%"
"29/09/2020","717,64","723,96","726,90","719,73","","-0,27%"
"28/09/2020","719,61","716,41","756,03","716,19","","0,99%"
"25/09/2020","712,53","716,78","721,64","711,56","","0,07%"
"24/09/2020","712,03","714,00","721,75","711,67","","0,36%"
"23/09/2020","709,47","712,52","717,49","709,23","","0,23%"
"22/09/2020","707,84","708,79","718,76","704,44","","0,49%"
"21/09/2020","704,41","714,99","717,43","706,55","","-0,79%"
"18/09/2020","710,00","717,76","724,11","713,39","","-0,43%"
"17/09/2020","713,08","717,57","723,86","712,86","","0,00%"
"16/09/2020","713,09","725,15","737,27","711,38","","-1,66%"
"15/09/2020","725,09","710,41","732,09","708,50","","2,73%"
"14/09/2020","705,83","710,25","715,59","708,23","","0,17%"
"11/09/2020","704,63","710,03","714,18","703,81","","-0,11%"
"10/09/2020","705,42","723,86","726,11","706,20","","-1,84%"
"09/09/2020","718,65","719,23","726,39","715,49","","0,57%"
"08/09/2020","714,55","731,26","731,79","718,23","","-1,64%"
"07/09/2020","726,43","737,04","748,91","728,84","","-0,87%"
"04/09/2020","732,83","733,42","740,04","729,94","","0,57%"
"03/09/2020","728,66","737,45","739,93","726,47","","-0,53%"
"02/09/2020","732,53","733,68","737,53","728,34","","0,41%"
"01/09/2020","729,53","737,50","741,69","731,59","","-0,47%"
"31/08/2020","732,96","739,70","741,62","732,09","","-0,40%"
"28/08/2020","735,86","732,33","741,01","731,47","","1,14%"
"27/08/2020","727,59","732,42","737,83","730,08","","0,01%"
"26/08/2020","727,51","729,94","733,45","728,41","","0,32%"
"25/08/2020","725,22","726,63","730,99","725,67","","0,46%"
"24/08/2020","721,87","724,97","731,44","724,66","","0,20%"
"21/08/2020","720,44","730,78","733,06","723,44","","-0,71%"
"20/08/2020","725,60","719,89","731,35","718,10","","1,42%"
"19/08/2020","715,41","733,00","734,74","719,75","","-1,78%"
"18/08/2020","728,37","725,32","734,10","725,07","","1,04%"
"17/08/2020","720,90","727,61","731,86","723,63","","-0,28%"
"14/08/2020","722,89","724,47","730,11","723,77","","0,39%"
"13/08/2020","720,06","727,91","732,37","723,60","","-0,44%"
"12/08/2020","723,21","728,36","730,42","725,94","","-0,68%"
"11/08/2020","728,13","729,43","733,53","727,11","","0,51%"
"10/08/2020","724,40","721,22","748,23","721,06","","1,01%"
"07/08/2020","717,15","727,33","727,47","719,40","","-0,72%"
"06/08/2020","722,37","727,50","731,52","724,69","","-0,06%"
"05/08/2020","722,80","728,97","733,15","726,63","","-0,21%"
"04/08/2020","724,28","729,19","739,56","723,92","","-0,03%"
"03/08/2020","724,48","730,32","740,55","725,55","","-0,09%"
"31/07/2020","725,13","730,54","734,69","728,95","","-0,08%"
"30/07/2020","725,68","727,32","730,85","724,84","","-0,21%"
"29/07/2020","727,23","724,52","729,04","723,37","","1,02%"
"28/07/2020","719,88","727,53","733,03","722,97","","-1,05%"
"27/07/2020","727,53","724,61","748,03","724,30","","1,21%"
"24/07/2020","718,85","722,10","725,66","720,74","","0,19%"
"23/07/2020","717,52","724,54","743,72","718,21","","-0,34%"
"22/07/2020","719,97","728,94","743,72","722,15","","-1,22%"
"21/07/2020","728,85","724,87","748,07","720,93","","1,21%"
"20/07/2020","720,15","723,27","740,84","719,30","","0,07%"
"17/07/2020","719,66","722,05","733,74","719,42","","0,30%"
"16/07/2020","717,49","730,48","735,02","720,98","","-1,76%"
"15/07/2020","730,36","732,42","745,15","723,06","","-0,05%"
"14/07/2020","730,75","727,39","744,33","722,56","","1,16%"
"13/07/2020","722,35","733,60","737,71","727,05","","-0,92%"
"10/07/2020","729,07","729,91","737,10","727,22","","0,47%"
"09/07/2020","725,62","732,88","736,43","729,20","","-0,31%"
"08/07/2020","727,91","728,94","733,64","726,97","","0,48%"
"07/07/2020","724,44","729,38","734,29","727,28","","-0,07%"
"06/07/2020","724,95","729,12","731,80","726,72","","0,04%"
"03/07/2020","724,64","724,99","729,68","723,24","","0,57%"
"02/07/2020","720,53","728,84","746,61","724,29","","-0,50%"
"01/07/2020","724,16","725,57","729,82","722,39","","0,47%"
"30/06/2020","720,80","716,78","729,69","714,31","","1,19%"
"29/06/2020","712,32","721,52","724,47","713,77","","-0,62%"
"26/06/2020","716,79","724,77","740,45","719,26","","-0,45%"
"25/06/2020","720,01","720,96","727,52","718,91","","0,50%"
"24/06/2020","716,44","727,70","732,16","720,61","","-0,93%"
"23/06/2020","723,17","728,97","731,66","725,26","","-0,15%"
"22/06/2020","724,26","723,14","730,06","719,97","","0,80%"
"19/06/2020","718,53","725,64","727,09","720,60","","-0,34%"
"18/06/2020","720,99","730,99","733,48","722,89","","-0,79%"
"17/06/2020","726,74","732,65","735,20","728,32","","-0,22%"
"16/06/2020","728,31","733,93","753,70","731,53","","-0,04%"
"15/06/2020","728,60","726,74","734,65","722,27","","0,79%"
"12/06/2020","722,87","726,97","737,46","723,15","","0,05%"
"11/06/2020","722,53","736,67","745,35","726,12","","-1,32%"
"10/06/2020","732,17","740,52","748,42","733,64","","-0,37%"
"09/06/2020","734,88","736,47","744,60","730,44","","0,32%"
"08/06/2020","732,52","732,61","743,08","729,52","","0,25%"
"05/06/2020","730,68","735,99","744,57","730,79","","-0,63%"
"04/06/2020","735,32","735,61","739,78","730,04","","0,66%"
"03/06/2020","730,49","735,28","741,20","732,40","","-0,05%"
"02/06/2020","730,88","737,56","742,89","728,60","","-0,85%"
"01/06/2020","737,15","728,27","738,90","720,34","","1,82%"
"29/05/2020","723,96","733,50","737,18","718,36","","-0,57%"
"28/05/2020","728,10","735,69","737,83","715,50","","-0,39%"
"27/05/2020","730,97","742,04","743,43","731,23","","-0,91%"
"26/05/2020","737,67","732,56","744,13","731,90","","1,35%"
"25/05/2020","727,81","731,93","733,47","731,00","","0,09%"
"22/05/2020","727,19","731,86","733,79","712,82","","0,05%"
"21/05/2020","726,82","732,31","733,50","711,65","","-0,05%"
"20/05/2020","727,16","733,82","736,04","731,09","","-0,41%"
"19/05/2020","730,14","738,47","744,45","732,80","","-1,11%"
"18/05/2020","738,35","733,28","741,96","732,62","","1,27%"
"15/05/2020","729,10","741,54","742,64","733,67","","-1,11%"
"14/05/2020","737,29","741,53","742,99","738,08","","-0,57%"
"13/05/2020","741,50","743,18","753,09","738,79","","0,47%"
"12/05/2020","738,04","747,16","750,73","742,84","","-0,58%"
"11/05/2020","742,36","750,81","752,78","743,67","","-0,56%"
"08/05/2020","746,53","748,94","758,26","746,63","","0,33%"
"07/05/2020","744,10","746,65","752,25","741,40","","0,23%"
"06/05/2020","742,39","748,90","749,85","742,85","","-0,27%"
"05/05/2020","744,36","746,84","752,49","726,04","","0,30%"
"04/05/2020","742,15","753,67","754,31","744,38","","-0,98%"
"01/05/2020","749,53","760,60","760,81","751,04","","-0,83%"
"30/04/2020","755,77","752,35","762,74","750,33","","1,14%"
"29/04/2020","747,25","752,96","756,09","749,19","","-0,76%"
"28/04/2020","752,96","752,14","756,52","749,59","","0,13%"
"27/04/2020","751,99","755,75","762,45","748,93","","0,58%"
"24/04/2020","747,67","751,69","756,02","746,13","","-0,01%"
"23/04/2020","747,77","744,60","754,93","743,03","","1,02%"
"22/04/2020","740,19","742,07","747,83","740,98","","0,40%"
"21/04/2020","737,21","750,85","751,69","739,38","","-1,23%"
"20/04/2020","746,37","756,34","758,88","741,85","","-0,84%"
"17/04/2020","752,69","749,13","764,48","728,11","","1,01%"
"16/04/2020","745,20","750,18","754,41","728,69","","-0,07%"
"15/04/2020","745,68","757,24","758,23","736,60","","-1,00%"
"14/04/2020","753,24","749,53","758,88","730,18","","1,14%"
"13/04/2020","744,73","746,59","751,68","742,66","","0,43%"
"10/04/2020","741,52","751,84","755,28","745,88","","-0,77%"
"09/04/2020","747,30","748,89","753,40","747,44","","0,36%"
"08/04/2020","744,59","742,59","753,21","738,16","","0,33%"
"07/04/2020","742,14","739,36","750,80","735,65","","0,39%"
"06/04/2020","739,27","744,43","752,31","729,72","","-0,08%"
"03/04/2020","739,87","742,94","745,95","722,71","","-0,40%"
"02/04/2020","742,82","740,03","746,07","723,41","","0,96%"
"01/04/2020","735,73","736,42","743,88","721,63","","0,59%"
"31/03/2020","731,42","735,53","739,78","723,64","","0,02%"
"30/03/2020","731,30","740,16","747,42","723,29","","-0,78%"
"27/03/2020","737,05","731,25","748,45","723,84","","0,96%"
"26/03/2020","730,05","719,35","735,99","713,27","","1,54%"
"25/03/2020","718,99","711,75","725,48","705,03","","1,03%"
"24/03/2020","711,66","706,42","721,33","703,95","","1,33%"
"23/03/2020","702,35","709,80","716,53","696,20","","-0,31%"
"20/03/2020","704,54","680,81","719,65","667,04","","3,48%"
"19/03/2020","680,83","692,23","704,60","667,22","","-1,63%"
"18/03/2020","692,14","709,26","713,91","682,79","","-1,81%"
"17/03/2020","704,92","718,98","725,65","704,67","","-1,94%"
"16/03/2020","718,86","721,10","729,64","711,75","","0,94%"
"13/03/2020","712,18","729,60","736,13","711,52","","-2,38%"
"12/03/2020","729,54","741,52","748,30","724,42","","-1,03%"
"11/03/2020","737,15","744,63","760,88","739,81","","-1,04%"
"10/03/2020","744,86","751,30","763,74","739,00","","-0,25%"
"09/03/2020","746,76","761,92","774,05","746,48","","-1,40%"
"06/03/2020","757,35","761,95","769,36","749,81","","-0,09%"
"05/03/2020","758,01","757,16","769,28","747,87","","0,73%"
"04/03/2020","752,53","753,97","762,50","743,61","","-0,19%"
"03/03/2020","753,97","754,72","764,98","745,06","","-0,11%"
"02/03/2020","754,77","763,49","766,57","747,31","","-0,72%"
"28/02/2020","760,23","774,41","775,83","752,20","","-1,25%"
"27/02/2020","769,84","775,61","780,99","771,96","","-0,69%"
"26/02/2020","775,19","782,91","786,78","774,51","","-0,99%"
"25/02/2020","782,94","784,27","788,76","780,99","","0,48%"
"24/02/2020","779,20","787,35","788,08","776,94","","-0,69%"
"21/02/2020","784,65","783,32","788,66","781,41","","0,79%"
"20/02/2020","778,51","782,44","785,20","777,53","","-0,49%"
"19/02/2020","782,38","786,64","796,75","780,71","","0,04%"
"18/02/2020","782,09","787,25","793,96","767,36","","-0,07%"
"17/02/2020","782,64","788,91","794,21","782,57","","-0,30%"
"14/02/2020","784,98","786,95","790,00","768,96","","0,37%"
"13/02/2020","782,05","779,28","795,98","775,83","","0,95%"
"12/02/2020","774,71","778,32","780,78","776,24","","0,12%"
"11/02/2020","773,76","773,58","779,74","763,38","","0,63%"
"10/02/2020","768,94","770,76","775,45","752,24","","0,39%"
"07/02/2020","765,92","770,95","781,47","754,11","","-0,05%"
"06/02/2020","766,31","772,40","778,31","756,71","","-0,21%"
"05/02/2020","767,91","773,36","775,74","760,65","","-0,71%"
"04/02/2020","773,39","769,59","778,46","758,56","","1,11%"
"03/02/2020","764,90","786,32","786,32","752,61","","-2,02%"
"31/01/2020","780,65","780,67","789,54","763,68","","0,63%"
"30/01/2020","775,75","775,99","781,88","759,89","","-0,04%"
"29/01/2020","776,05","775,79","777,40","759,66","","0,63%"
"28/01/2020","771,17","775,91","776,35","762,05","","0,02%"
"27/01/2020","771,04","776,59","786,75","761,60","","-0,13%"
"24/01/2020","772,07","776,82","783,99","765,32","","-0,62%"
"23/01/2020","776,88","777,06","790,53","767,07","","0,59%"
"22/01/2020","772,34","771,55","780,47","761,41","","0,71%"
"21/01/2020","766,89","766,27","774,60","758,52","","0,71%"
"20/01/2020","761,48","765,75","767,64","758,90","","-0,01%"
"17/01/2020","761,55","770,35","772,64","763,25","","-0,52%"
"16/01/2020","765,53","768,21","772,82","761,00","","-0,34%"
"15/01/2020","768,18","768,94","770,53","759,48","","-0,08%"
"14/01/2020","768,82","765,76","776,78","757,88","","1,03%"
"13/01/2020","760,98","770,90","771,43","760,65","","-0,73%"
"10/01/2020","766,56","770,27","772,34","762,28","","-0,49%"
"09/01/2020","770,30","768,55","770,92","761,46","","0,84%"
"08/01/2020","763,90","770,07","776,39","764,83","","-0,19%"
"07/01/2020","765,33","773,65","779,75","765,44","","-0,47%"
"06/01/2020","768,95","768,44","778,80","763,22","","0,09%"
"03/01/2020","768,24","768,81","771,72","760,89","","0,48%"
"02/01/2020","764,59","775,75","779,69","766,64","","-0,84%"
"01/01/2020","771,05","776,10","776,98","774,04","","-0,10%"
"31/12/2019","771,81","767,97","780,23","765,20","","1,13%"
"30/12/2019","763,18","770,57","776,45","764,50","","-0,44%"
"27/12/2019","766,58","766,35","776,19","758,43","","0,02%"
"26/12/2019","766,41","766,97","769,52","756,45","","0,53%"
"25/12/2019","762,37","766,08","768,71","754,75","","0,12%"
"24/12/2019","761,43","765,37","772,73","755,31","","-0,51%"
"23/12/2019","765,37","766,49","771,13","757,79","","0,38%"
"20/12/2019","762,44","766,91","777,43","759,54","","0,03%"
"19/12/2019","762,21","769,93","775,08","763,21","","-0,39%"
"18/12/2019","765,21","774,38","777,28","764,13","","-1,19%"
"17/12/2019","774,43","784,07","784,63","770,27","","-0,63%"
"16/12/2019","779,35","783,42","793,53","779,27","","-0,17%"
"13/12/2019","780,69","776,82","801,03","776,08","","0,52%"
"12/12/2019","776,64","782,22","785,38","767,62","","-0,05%"
"11/12/2019","777,04","778,44","782,89","766,19","","-0,17%"
"10/12/2019","778,38","779,49","785,67","767,07","","0,51%"
"09/12/2019","774,41","776,12","783,36","766,84","","0,40%"
"06/12/2019","771,31","779,22","779,89","767,19","","-0,41%"
"05/12/2019","774,50","776,11","779,85","764,97","","0,40%"
"04/12/2019","771,44","769,16","780,52","758,29","","0,90%"
"03/12/2019","764,55","768,18","775,50","754,99","","-0,47%"
"02/12/2019","768,18","769,56","775,55","753,53","","0,29%"
"29/11/2019","765,96","768,88","778,15","753,64","","0,21%"
"28/11/2019","764,33","769,45","775,60","754,08","","-0,08%"
"27/11/2019","764,92","764,53","772,16","750,14","","0,06%"
"26/11/2019","764,47","767,49","773,96","752,54","","0,20%"
"25/11/2019","762,92","761,68","777,29","749,68","","0,92%"
"22/11/2019","755,97","765,21","771,47","749,38","","-0,61%"
"21/11/2019","760,58","765,72","772,13","754,35","","-0,07%"
"20/11/2019","761,11","764,29","772,64","753,42","","-0,43%"
"19/11/2019","764,41","768,15","771,43","755,66","","0,12%"
"18/11/2019","763,49","768,20","778,09","753,88","","-0,41%"
"15/11/2019","766,65","767,35","769,76","751,72","","0,50%"
"14/11/2019","762,81","765,60","768,17","749,73","","0,24%"
"13/11/2019","760,98","762,34","766,16","750,03","","-0,15%"
"12/11/2019","762,16","764,52","765,77","750,20","","0,28%"
"11/11/2019","759,99","758,32","766,43","746,70","","0,87%"
"08/11/2019","753,43","754,90","761,02","748,16","","-0,21%"
"07/11/2019","755,02","755,81","768,68","749,73","","-0,14%"
"06/11/2019","756,04","758,83","763,91","751,89","","0,25%"
"05/11/2019","754,18","756,55","771,08","751,66","","0,30%"
"04/11/2019","751,92","763,31","767,45","754,70","","-0,83%"
"01/11/2019","758,22","762,94","765,02","754,87","","-0,03%"
"31/10/2019","758,41","760,95","765,61","752,94","","0,29%"
"30/10/2019","756,26","761,20","766,51","750,46","","-0,03%"
"29/10/2019","756,46","760,94","762,98","750,32","","0,02%"
"28/10/2019","756,29","756,93","767,09","746,87","","0,54%"
"25/10/2019","752,21","756,31","765,88","747,64","","0,06%"
"24/10/2019","751,72","761,45","767,72","752,57","","-0,72%"
"23/10/2019","757,16","757,52","765,22","751,75","","0,55%"
"22/10/2019","753,01","761,60","770,58","753,00","","-0,53%"
"21/10/2019","757,01","762,22","777,73","752,39","","-0,68%"
"18/10/2019","762,20","766,29","769,58","751,63","","0,07%"
"17/10/2019","761,66","763,48","775,01","748,07","","0,37%"
"16/10/2019","758,87","760,83","767,75","745,12","","0,34%"
"15/10/2019","756,29","750,55","762,14","748,31","","1,39%"
"14/10/2019","745,96","752,17","755,81","735,43","","-0,41%"
"11/10/2019","749,02","736,73","761,83","725,36","","1,66%"
"10/10/2019","736,82","729,28","747,80","712,55","","1,65%"
"09/10/2019","724,89","730,06","736,63","726,52","","-0,11%"
"08/10/2019","725,69","734,45","737,93","717,11","","-0,59%"
"07/10/2019","730,03","739,23","744,52","732,90","","-1,30%"
"04/10/2019","739,65","738,72","743,45","735,59","","0,75%"
"03/10/2019","734,11","738,16","746,82","733,02","","-0,52%"
"02/10/2019","737,92","741,23","747,37","727,58","","0,11%"
"01/10/2019","737,10","736,73","745,48","732,74","","0,63%"
"30/09/2019","732,46","738,54","741,13","735,26","","-0,23%"
"27/09/2019","734,18","743,26","744,41","737,69","","-0,65%"
"26/09/2019","738,95","737,04","748,65","721,13","","0,91%"
"25/09/2019","732,27","745,63","747,71","729,13","","-1,20%"
"24/09/2019","741,14","741,88","749,97","725,60","","-0,12%"
"23/09/2019","741,99","740,26","750,69","727,55","","0,76%"
"20/09/2019","736,39","744,28","750,19","730,88","","-0,41%"
"19/09/2019","739,42","743,02","750,33","727,26","","0,14%"
"18/09/2019","738,35","744,74","747,07","722,10","","-0,25%"
"17/09/2019","740,19","736,25","750,69","725,39","","1,21%"
"16/09/2019","731,36","739,15","750,92","725,75","","-0,45%"
"13/09/2019","734,69","733,35","745,29","719,35","","0,19%"
"12/09/2019","733,29","732,35","740,63","719,59","","0,71%"
"11/09/2019","728,10","732,06","744,12","721,13","","-0,54%"
"10/09/2019","732,03","734,01","744,16","724,88","","0,34%"
"09/09/2019","729,56","730,64","744,18","723,95","","0,63%"
"06/09/2019","725,01","736,14","740,76","729,22","","-0,94%"
"05/09/2019","731,88","731,48","742,52","714,80","","0,67%"
"04/09/2019","727,04","724,32","736,47","724,23","","0,91%"
"03/09/2019","720,45","717,38","734,09","710,87","","1,04%"
"02/09/2019","713,04","722,23","732,47","716,97","","-2,88%"
"30/08/2019","734,21","719,84","736,60","711,01","","1,91%"
"29/08/2019","720,43","729,61","732,74","713,14","","-0,83%"
"28/08/2019","726,44","725,38","733,97","717,02","","0,77%"
"27/08/2019","720,90","723,89","737,75","713,25","","0,19%"
"26/08/2019","719,52","723,96","730,91","715,59","","-0,19%"
"23/08/2019","720,91","724,28","734,56","714,97","","0,14%"
"22/08/2019","719,93","717,07","735,37","707,88","","1,01%"
"21/08/2019","712,76","727,66","729,97","709,81","","-1,84%"
"20/08/2019","726,10","716,68","730,24","707,65","","1,93%"
"19/08/2019","712,32","713,09","727,45","709,40","","0,48%"
"16/08/2019","708,89","709,42","730,11","705,61","","0,54%"
"15/08/2019","705,08","711,45","717,07","703,80","","-0,72%"
"14/08/2019","710,20","709,50","717,17","703,77","","0,33%"
"13/08/2019","707,85","707,87","718,32","704,44","","0,62%"
"12/08/2019","703,49","704,21","717,94","701,58","","-0,10%"
"09/08/2019","704,19","709,03","719,79","703,16","","-0,13%"
"08/08/2019","705,08","713,03","724,60","708,43","","-0,80%"
"07/08/2019","710,76","712,19","725,40","710,10","","0,43%"
"06/08/2019","707,70","715,96","726,29","705,01","","-0,49%"
"05/08/2019","711,20","717,56","726,46","708,93","","-0,38%"
"02/08/2019","713,93","721,65","729,23","707,30","","-0,55%"
"01/08/2019","717,85","720,79","730,00","702,57","","-0,36%"
"31/07/2019","720,44","717,53","730,47","706,34","","0,84%"
"30/07/2019","714,41","722,16","726,10","706,05","","-0,62%"
"29/07/2019","718,86","730,12","736,79","709,19","","-1,52%"
"26/07/2019","729,95","736,24","742,09","726,71","","-0,45%"
"25/07/2019","733,24","735,22","746,66","725,41","","0,33%"
"24/07/2019","730,82","732,82","747,53","725,25","","-0,14%"
"23/07/2019","731,81","729,36","741,57","723,99","","0,93%"
"22/07/2019","725,05","728,65","741,62","723,29","","0,18%"
"19/07/2019","723,78","733,39","743,91","726,81","","-0,84%"
"18/07/2019","729,89","724,43","741,99","721,69","","1,43%"
"17/07/2019","719,59","723,27","739,09","720,24","","0,13%"
"16/07/2019","718,69","727,86","737,12","717,07","","-0,64%"
"15/07/2019","723,31","731,72","734,09","727,18","","-0,55%"
"12/07/2019","727,29","728,55","732,33","728,27","","0,51%"
"11/07/2019","723,60","731,13","735,43","727,94","","-0,43%"
"10/07/2019","726,75","729,32","732,85","726,68","","0,27%"
"09/07/2019","724,78","728,29","730,85","723,44","","0,15%"
"08/07/2019","723,70","728,49","731,20","726,28","","-0,10%"
"05/07/2019","724,40","731,27","734,56","725,40","","-0,30%"
"04/07/2019","726,58","731,75","734,53","730,57","","-0,09%"
"03/07/2019","727,23","731,28","735,40","728,42","","0,06%"
"02/07/2019","726,82","726,94","734,93","725,41","","-0,01%"
"01/07/2019","726,88","731,21","732,65","724,52","","0,03%"
"28/06/2019","726,65","731,49","734,11","730,62","","-0,04%"
"27/06/2019","726,91","730,94","734,09","729,68","","0,07%"
"26/06/2019","726,39","731,08","736,26","729,25","","0,10%"
"25/06/2019","725,66","733,19","737,92","729,79","","-1,07%"
"24/06/2019","733,53","737,85","743,93","732,22","","-0,12%"
"21/06/2019","734,44","737,51","742,06","734,14","","0,26%"
"20/06/2019","732,57","740,79","750,07","734,89","","-0,50%"
"19/06/2019","736,22","732,82","743,01","731,89","","1,09%"
"18/06/2019","728,31","732,85","735,62","728,15","","0,04%"
"17/06/2019","728,00","732,57","737,77","726,13","","0,10%"
"14/06/2019","727,29","734,51","735,35","730,54","","-0,25%"
"13/06/2019","729,11","735,24","744,71","731,22","","-0,20%"
"12/06/2019","730,59","738,30","739,41","734,89","","-0,37%"
"11/06/2019","733,32","738,34","747,97","735,63","","-0,08%"
"10/06/2019","733,90","739,80","742,96","736,43","","-0,31%"
"07/06/2019","736,18","741,96","745,25","739,16","","-0,16%"
"06/06/2019","737,37","737,62","744,79","736,23","","-0,05%"
"05/06/2019","737,74","742,90","766,46","736,90","","-0,09%"
"04/06/2019","738,40","744,29","747,70","740,95","","-0,79%"
"03/06/2019","744,29","742,47","764,67","737,33","","0,22%"
"31/05/2019","742,64","741,32","762,98","735,90","","0,80%"
"30/05/2019","736,76","742,53","744,11","739,68","","-0,16%"
"29/05/2019","737,91","742,41","764,23","738,38","","0,01%"
"28/05/2019","737,86","742,64","765,47","739,70","","-0,03%"
"27/05/2019","738,12","746,12","747,82","741,94","","-0,36%"
"24/05/2019","740,79","742,58","767,06","738,96","","-0,24%"
"23/05/2019","742,55","744,81","763,11","740,71","","0,31%"
"22/05/2019","740,29","747,37","748,28","742,36","","-0,35%"
"21/05/2019","742,86","747,86","771,15","742,73","","-0,05%"
"20/05/2019","743,20","746,34","769,14","742,73","","0,18%"
"17/05/2019","741,83","748,56","769,84","742,93","","-0,29%"
"16/05/2019","743,97","749,65","766,33","746,19","","-0,20%"
"15/05/2019","745,44","753,18","770,44","747,69","","-1,02%"
"14/05/2019","753,10","756,98","767,15","752,37","","0,11%"
"13/05/2019","752,30","759,37","762,72","755,80","","-0,33%"
"10/05/2019","754,79","765,31","766,36","759,31","","-0,62%"
"09/05/2019","759,49","761,53","766,49","759,51","","0,34%"
"08/05/2019","756,95","765,36","765,62","759,74","","-0,48%"
"07/05/2019","760,58","767,75","770,81","761,89","","-0,32%"
"06/05/2019","763,05","768,48","775,26","766,34","","-0,49%"
"03/05/2019","766,82","763,37","771,90","760,77","","1,05%"
"02/05/2019","758,84","765,36","768,81","762,27","","-0,25%"
"01/05/2019","760,73","764,33","785,20","763,95","","0,08%"
"30/04/2019","760,10","764,19","770,56","761,84","","-0,45%"
"29/04/2019","763,53","760,95","765,79","755,59","","1,01%"
"26/04/2019","755,90","758,72","762,85","754,10","","0,24%"
"25/04/2019","754,09","754,71","759,70","750,54","","0,53%"
"24/04/2019","750,11","754,49","758,39","750,34","","0,03%"
"23/04/2019","749,90","756,58","759,36","752,76","","-0,15%"
"22/04/2019","751,06","757,93","758,40","753,39","","-0,31%"
"19/04/2019","753,39","754,82","763,69","752,92","","0,43%"
"18/04/2019","750,13","755,76","756,70","752,86","","-0,15%"
"17/04/2019","751,25","756,84","758,49","754,99","","-0,73%"
"16/04/2019","756,81","762,82","763,99","756,00","","-0,77%"
"15/04/2019","762,67","759,98","764,63","756,50","","0,92%"
"12/04/2019","755,69","758,51","766,41","757,72","","-0,33%"
"11/04/2019","758,19","761,76","764,95","753,84","","-0,46%"
"10/04/2019","761,70","760,17","784,18","755,99","","0,13%"
"09/04/2019","760,72","763,58","784,93","755,48","","0,25%"
"08/04/2019","758,84","771,28","773,49","761,84","","-1,15%"
"05/04/2019","767,67","773,86","776,55","761,17","","-0,20%"
"04/04/2019","769,19","769,50","774,51","762,28","","0,67%"
"03/04/2019","764,04","774,35","776,37","764,28","","-1,35%"
"02/04/2019","774,46","764,79","779,14","753,99","","1,90%"
"01/04/2019","760,03","761,00","767,71","759,09","","0,53%"
"29/03/2019","756,06","759,47","769,06","756,46","","0,20%"
"28/03/2019","754,55","768,52","771,20","757,93","","-1,22%"
"27/03/2019","763,85","765,69","773,27","763,23","","0,37%"
"26/03/2019","761,01","765,19","772,69","762,61","","0,00%"
"25/03/2019","761,03","760,99","770,47","757,87","","0,60%"
"22/03/2019","756,48","761,63","765,43","757,80","","-0,05%"
"21/03/2019","756,87","758,34","767,50","749,84","","-0,20%"
"20/03/2019","758,39","766,95","768,67","755,80","","-0,50%"
"19/03/2019","762,19","766,89","770,10","765,27","","0,00%"
"18/03/2019","762,16","770,34","771,18","760,98","","-0,49%"
"15/03/2019","765,95","766,62","781,53","764,32","","-0,09%"
"14/03/2019","766,65","774,64","777,66","764,86","","-1,07%"
"13/03/2019","774,98","762,14","777,64","761,21","","1,76%"
"12/03/2019","761,56","766,89","775,06","758,48","","-0,72%"
"11/03/2019","767,12","750,83","768,22","746,81","","1,79%"
"08/03/2019","753,64","762,11","763,56","753,12","","-0,73%"
"07/03/2019","759,19","763,64","765,39","756,87","","-0,65%"
"06/03/2019","764,15","764,02","770,38","760,36","","0,07%"
"05/03/2019","763,60","761,00","763,89","755,72","","0,26%"
"04/03/2019","761,61","763,66","765,90","759,71","","-0,72%"
"01/03/2019","767,15","765,73","771,34","760,61","","0,38%"
"28/02/2019","764,25","767,32","770,56","763,96","","-0,34%"
"27/02/2019","766,86","765,42","773,56","764,20","","0,18%"
"26/02/2019","765,51","756,18","767,69","756,18","","1,17%"
"25/02/2019","756,64","756,00","760,46","752,85","","0,25%"
"22/02/2019","754,75","754,63","758,57","750,20","","-0,04%"
"21/02/2019","755,03","754,64","758,97","753,20","","0,06%"
"20/02/2019","754,58","757,82","763,58","753,89","","-0,45%"
"19/02/2019","757,97","751,72","758,61","750,16","","0,82%"
"18/02/2019","751,79","750,06","752,84","749,82","","0,25%"
"15/02/2019","749,88","744,08","750,40","743,04","","0,71%"
"14/02/2019","744,61","743,80","747,38","740,47","","0,11%"
"13/02/2019","743,78","749,33","753,14","743,73","","-0,73%"
"12/02/2019","749,28","742,58","752,48","739,23","","0,80%"
"11/02/2019","743,33","750,35","750,75","741,51","","-0,76%"
"08/02/2019","749,04","747,76","749,62","744,33","","0,18%"
"07/02/2019","747,73","744,56","749,64","740,71","","0,38%"
"06/02/2019","744,93","743,93","748,02","742,57","","0,23%"
"05/02/2019","743,25","746,72","749,99","742,17","","-0,54%"
"04/02/2019","747,30","750,85","752,75","746,49","","-0,33%"
"01/02/2019","749,77","746,88","753,61","743,14","","0,38%"
"31/01/2019","746,91","752,52","754,91","745,25","","-0,75%"
"30/01/2019","752,52","748,88","753,42","748,59","","0,46%"
"29/01/2019","749,09","756,86","762,85","748,46","","-1,00%"
"28/01/2019","756,69","764,64","765,73","755,39","","-1,07%"
"25/01/2019","764,91","753,60","766,01","751,95","","1,50%"
"24/01/2019","753,58","753,89","756,04","750,49","","-0,05%"
"23/01/2019","753,98","748,77","754,86","747,80","","0,72%"
"22/01/2019","748,59","751,06","751,81","739,86","","-0,34%"
"21/01/2019","751,18","750,78","752,34","747,66","","0,13%"
"18/01/2019","750,23","748,87","751,51","739,89","","0,17%"
"17/01/2019","748,93","740,10","749,79","736,89","","1,11%"
"16/01/2019","740,73","735,80","743,06","733,76","","0,79%"
"15/01/2019","734,92","735,64","738,77","724,13","","-0,12%"
"14/01/2019","735,81","735,23","739,63","729,24","","0,64%"
"11/01/2019","731,13","730,02","735,42","726,95","","0,22%"
"10/01/2019","729,50","731,83","732,57","727,99","","-0,31%"
"09/01/2019","731,79","728,70","732,80","728,36","","0,42%"
"08/01/2019","728,76","734,22","737,92","728,02","","-0,75%"
"07/01/2019","734,24","734,45","737,49","732,58","","-0,01%"
"04/01/2019","734,34","728,93","738,98","727,96","","0,76%"
"03/01/2019","728,81","721,90","729,87","712,39","","0,92%"
"02/01/2019","722,17","729,74","732,91","719,45","","-1,12%"
"01/01/2019","730,33","730,79","733,28","728,80","","-0,06%"
"31/12/2018","730,76","726,38","734,05","726,27","","0,41%"
"28/12/2018","727,78","728,60","732,03","725,51","","-0,11%"
"27/12/2018","728,55","726,60","730,44","725,65","","0,25%"
"26/12/2018","726,71","730,38","733,28","726,54","","-0,60%"
"25/12/2018","731,06","733,29","736,27","729,06","","-0,29%"
"24/12/2018","733,22","724,35","734,37","723,10","","1,39%"
"21/12/2018","723,15","726,84","729,12","722,36","","-0,50%"
"20/12/2018","726,79","726,09","731,64","723,76","","0,11%"
"19/12/2018","725,98","729,80","735,99","723,94","","-0,61%"
"18/12/2018","730,46","730,15","736,54","729,34","","0,13%"
"17/12/2018","729,49","727,40","732,72","726,13","","0,35%"
"14/12/2018","726,98","733,39","734,54","721,57","","-1,14%"
"13/12/2018","735,40","733,09","735,81","728,91","","0,59%"
"12/12/2018","731,10","720,14","736,62","719,63","","1,51%"
"11/12/2018","720,21","719,85","727,87","718,73","","-0,08%"
"10/12/2018","720,77","734,77","737,55","719,24","","-1,81%"
"07/12/2018","734,08","740,14","744,73","733,05","","-0,82%"
"06/12/2018","740,16","736,93","743,88","733,25","","0,44%"
"05/12/2018","736,91","733,57","741,96","730,54","","0,49%"
"04/12/2018","733,31","733,85","740,50","729,81","","-0,07%"
"03/12/2018","733,79","735,73","739,00","731,99","","-0,18%"
"30/11/2018","735,09","743,13","743,42","731,71","","-1,41%"
"29/11/2018","745,59","747,79","753,77","743,69","","0,02%"
"28/11/2018","745,42","738,05","748,54","731,95","","0,98%"
"27/11/2018","738,20","741,50","741,56","735,70","","-0,44%"
"26/11/2018","741,48","738,75","745,14","735,44","","0,68%"
"23/11/2018","736,49","741,11","741,97","735,63","","-0,63%"
"22/11/2018","741,13","735,30","743,99","734,89","","0,79%"
"21/11/2018","735,35","735,91","741,43","732,88","","-0,33%"
"20/11/2018","737,76","742,73","746,82","737,65","","-0,57%"
"19/11/2018","742,01","742,92","746,79","740,61","","-0,05%"
"16/11/2018","742,35","738,53","747,29","737,72","","0,49%"
"15/11/2018","738,73","753,21","756,65","735,75","","-2,06%"
"14/11/2018","754,25","758,26","761,63","748,74","","-0,40%"
"13/11/2018","757,26","742,88","759,18","742,36","","1,95%"
"12/11/2018","742,80","749,30","749,70","741,66","","-0,99%"
"09/11/2018","750,24","747,40","750,84","737,74","","0,34%"
"08/11/2018","747,73","752,11","754,71","747,45","","-0,53%"
"07/11/2018","751,75","752,52","756,92","751,04","","-0,10%"
"06/11/2018","752,51","750,87","756,41","749,67","","0,24%"
"05/11/2018","750,74","747,08","751,71","742,81","","0,91%"
"02/11/2018","743,95","751,40","754,09","742,64","","-1,43%"
"01/11/2018","754,73","741,56","757,07","739,76","","2,24%"
"31/10/2018","738,16","732,69","741,90","731,79","","0,73%"
"30/10/2018","732,78","737,16","738,36","731,96","","-0,59%"
"29/10/2018","737,16","737,80","739,28","736,54","","-0,14%"
"26/10/2018","738,18","734,09","738,76","731,79","","0,56%"
"25/10/2018","734,06","737,81","739,98","732,97","","-0,50%"
"24/10/2018","737,72","743,50","744,07","736,57","","-0,78%"
"23/10/2018","743,54","736,30","746,84","734,71","","1,00%"
"22/10/2018","736,21","740,82","742,11","733,67","","-0,65%"
"19/10/2018","741,02","738,05","742,88","734,60","","0,40%"
"18/10/2018","738,06","741,04","743,19","734,12","","-0,48%"
"17/10/2018","741,59","745,47","746,83","740,08","","-0,55%"
"16/10/2018","745,70","746,10","750,72","744,23","","0,00%"
"15/10/2018","745,68","743,07","748,62","739,65","","0,24%"
"12/10/2018","743,92","751,96","755,82","743,52","","-1,07%"
"11/10/2018","751,99","753,41","756,30","749,17","","-0,19%"
"10/10/2018","753,40","751,46","757,79","750,89","","0,26%"
"09/10/2018","751,47","746,47","751,92","743,12","","0,68%"
"08/10/2018","746,39","746,76","748,34","742,23","","-0,17%"
"05/10/2018","747,65","743,77","749,21","741,95","","0,52%"
"04/10/2018","743,76","733,11","745,02","731,99","","1,46%"
"03/10/2018","733,03","738,13","740,33","732,13","","-0,69%"
"02/10/2018","738,14","738,89","739,63","733,04","","-0,10%"
"01/10/2018","738,86","735,58","741,19","729,18","","0,45%"
"28/09/2018","735,55","733,89","736,50","727,44","","0,24%"
"27/09/2018","733,79","733,77","737,89","729,28","","0,02%"
"26/09/2018","733,64","735,90","736,52","731,36","","-0,26%"
"25/09/2018","735,55","732,71","736,16","729,63","","0,38%"
"24/09/2018","732,77","727,26","735,17","726,54","","0,69%"
"21/09/2018","727,74","744,51","745,12","725,41","","-2,26%"
"20/09/2018","744,54","737,68","745,89","737,18","","0,94%"
"19/09/2018","737,64","737,86","741,55","734,85","","-0,03%"
"18/09/2018","737,89","741,77","743,35","736,27","","-0,52%"
"17/09/2018","741,77","731,84","742,28","731,84","","1,38%"
"14/09/2018","731,70","742,16","744,40","731,08","","-1,41%"
"13/09/2018","742,15","735,48","743,08","733,64","","0,90%"
"12/09/2018","735,52","739,63","741,49","732,22","","-0,57%"
"11/09/2018","739,77","734,05","740,10","728,37","","0,78%"
"10/09/2018","734,04","728,95","735,22","725,47","","0,80%"
"07/09/2018","728,18","728,54","735,17","725,07","","-0,13%"
"06/09/2018","729,15","720,50","730,57","720,28","","0,77%"
"05/09/2018","723,61","723,00","731,56","721,19","","0,34%"
"04/09/2018","721,17","723,76","725,19","720,66","","-0,17%"
"03/09/2018","722,38","727,90","727,90","722,04","","-0,71%"
"31/08/2018","727,51","730,85","731,97","725,16","","-0,47%"
"30/08/2018","730,95","731,07","732,81","729,50","","-0,33%"
"29/08/2018","733,39","724,75","734,57","723,74","","-0,29%"
"28/08/2018","735,49","744,13","746,26","734,99","","0,62%"
"27/08/2018","730,97","727,98","731,53","727,36","","0,31%"
"24/08/2018","728,70","725,24","730,46","724,18","","0,36%"
"23/08/2018","726,05","733,66","736,92","725,71","","-1,12%"
"22/08/2018","734,27","736,65","740,68","731,99","","-0,10%"
"21/08/2018","735,00","735,31","738,22","730,70","","-0,03%"
"20/08/2018","735,22","733,75","735,39","732,32","","0,10%"
"17/08/2018","734,48","734,39","735,68","732,03","","-0,27%"
"16/08/2018","736,46","731,61","738,08","730,83","","0,92%"
"15/08/2018","729,78","730,75","732,91","727,98","","-0,17%"
"14/08/2018","731,05","735,64","738,84","730,02","","-0,55%"
"13/08/2018","735,08","720,08","735,42","718,79","","0,36%"
"10/08/2018","732,41","736,94","739,17","730,73","","0,03%"
"09/08/2018","732,21","734,92","737,45","731,98","","0,66%"
"08/08/2018","727,44","732,48","734,75","725,91","","-1,38%"
"07/08/2018","737,62","738,88","742,36","737,50","","-0,29%"
"06/08/2018","739,80","741,95","744,97","734,41","","-0,22%"
"03/08/2018","741,45","741,02","744,42","738,55","","0,94%"
"02/08/2018","734,56","734,77","739,77","730,05","","-0,99%"
"01/08/2018","741,90","743,85","747,12","741,74","","0,00%"
"31/07/2018","741,91","742,08","746,47","741,43","","0,00%"
"30/07/2018","741,90","736,63","745,23","736,52","","1,28%"
"27/07/2018","732,54","732,46","733,83","730,72","","0,02%"
"26/07/2018","732,43","740,50","744,14","730,97","","-1,72%"
"25/07/2018","745,27","737,77","746,74","736,93","","0,57%"
"24/07/2018","741,08","745,63","748,49","740,25","","-0,16%"
"23/07/2018","742,27","737,78","746,24","737,78","","0,29%"
"20/07/2018","740,11","763,89","767,24","737,58","","-2,91%"
"19/07/2018","762,26","764,05","764,85","736,03","","-0,33%"
"18/07/2018","764,77","732,44","765,30","726,66","","4,28%"
"17/07/2018","733,39","742,38","744,33","730,95","","-1,22%"
"16/07/2018","742,45","746,08","749,72","741,45","","-0,52%"
"13/07/2018","746,36","740,08","746,75","735,46","","-0,05%"
"12/07/2018","746,75","744,07","753,60","742,46","","0,22%"
"11/07/2018","745,13","753,97","755,18","744,91","","-1,41%"
"10/07/2018","755,80","755,10","763,24","750,55","","0,95%"
"09/07/2018","748,66","757,16","762,35","748,55","","-0,61%"
"06/07/2018","753,22","754,88","758,20","750,96","","-0,62%"
"05/07/2018","757,90","758,18","761,34","753,71","","0,05%"
"04/07/2018","757,49","755,45","758,63","754,03","","0,29%"
"03/07/2018","755,29","771,35","775,13","752,69","","-1,87%"
"02/07/2018","769,68","756,51","773,07","753,38","","0,48%"
"29/06/2018","765,98","778,95","781,63","765,70","","-0,32%"
"28/06/2018","768,43","768,37","771,45","762,52","","-0,12%"
"27/06/2018","769,38","770,72","772,70","766,79","","-0,51%"
"26/06/2018","773,35","771,99","777,11","770,40","","-0,08%"
"25/06/2018","773,98","778,88","779,42","773,92","","-0,26%"
"22/06/2018","776,02","778,34","781,96","774,57","","-0,08%"
"21/06/2018","776,68","772,82","780,19","771,26","","0,56%"
"20/06/2018","772,33","772,26","776,35","768,99","","-0,05%"
"19/06/2018","772,68","764,12","776,65","764,06","","0,30%"
"18/06/2018","770,37","781,77","784,55","770,31","","-0,97%"
"15/06/2018","777,89","778,56","780,59","777,11","","0,04%"
"14/06/2018","777,55","770,02","779,67","769,26","","0,05%"
"13/06/2018","777,17","781,09","782,67","772,88","","-0,23%"
"12/06/2018","778,99","777,34","780,39","775,83","","0,12%"
"11/06/2018","778,05","780,69","782,65","776,65","","-0,33%"
"08/06/2018","780,66","779,16","784,01","778,58","","0,05%"
"07/06/2018","780,27","781,44","785,27","776,01","","-0,04%"
"06/06/2018","780,56","781,15","783,79","779,42","","0,03%"
"05/06/2018","780,35","777,67","784,92","777,44","","0,49%"
"04/06/2018","776,51","780,45","784,20","775,85","","-0,43%"
"01/06/2018","779,83","774,60","782,23","770,46","","0,51%"
"31/05/2018","775,86","777,66","780,30","772,87","","-0,09%"
"30/05/2018","776,55","780,94","782,94","767,95","","-0,15%"
"29/05/2018","777,71","776,16","781,44","770,26","","0,55%"
"28/05/2018","773,43","770,32","775,55","767,46","","0,21%"
"25/05/2018","771,79","770,45","775,12","769,48","","0,18%"
"24/05/2018","770,43","771,15","775,47","768,92","","0,09%"
"23/05/2018","769,72","768,60","772,01","765,93","","-0,02%"
"22/05/2018","769,85","768,67","772,31","768,14","","0,09%"
"21/05/2018","769,12","773,26","774,55","767,01","","-0,43%"
"18/05/2018","772,46","773,01","774,27","764,79","","-4,58%"
