code;date;nominalApres;source
FBOAD.O2;2025-05-20;8500;Notice d'emission FCTC BOAD DOLI-P 9,50% 2024-2029
FBOAD.O2;2025-11-20;7000;Notice d'emission FCTC BOAD DOLI-P 9,50% 2024-2029
FBOAD.O2;2026-05-20;5500;Notice d'emission FCTC BOAD DOLI-P 9,50% 2024-2029
FBOAD.O2;2026-11-20;4000;Notice d'emission FCTC BOAD DOLI-P 9,50% 2024-2029
FBOAD.O2;2027-05-20;3000;Notice d'emission FCTC BOAD DOLI-P 9,50% 2024-2029
FBOAD.O2;2027-11-22;2400;Notice d'emission FCTC BOAD DOLI-P 9,50% 2024-2029
FBOAD.O2;2028-05-22;1800;Notice d'emission FCTC BOAD DOLI-P 9,50% 2024-2029
FBOAD.O2;2028-11-20;1200;Notice d'emission FCTC BOAD DOLI-P 9,50% 2024-2029
FBOAD.O2;2029-05-21;600;Notice d'emission FCTC BOAD DOLI-P 9,50% 2024-2029
FBOAD.O2;2029-11-20;0;Notice d'emission FCTC BOAD DOLI-P 9,50% 2024-2029
FBOAD.O1;2023-09-20;9100;Notice d'emission FCTC BOAD DOLI-P 6,10% 2023-2030
FBOAD.O1;2024-03-20;8200;Notice d'emission FCTC BOAD DOLI-P 6,10% 2023-2030
FBOAD.O1;2024-09-20;7300;Notice d'emission FCTC BOAD DOLI-P 6,10% 2023-2030
FBOAD.O1;2025-03-20;6400;Notice d'emission FCTC BOAD DOLI-P 6,10% 2023-2030
FBOAD.O1;2025-09-22;5500;Notice d'emission FCTC BOAD DOLI-P 6,10% 2023-2030
FBOAD.O1;2026-03-20;4600;Notice d'emission FCTC BOAD DOLI-P 6,10% 2023-2030
FBOAD.O1;2026-09-21;3700;Notice d'emission FCTC BOAD DOLI-P 6,10% 2023-2030
FBOAD.O1;2027-03-22;2800;Notice d'emission FCTC BOAD DOLI-P 6,10% 2023-2030
FBOAD.O1;2027-09-20;1900;Notice d'emission FCTC BOAD DOLI-P 6,10% 2023-2030
FBOAD.O1;2028-03-20;1300;Notice d'emission FCTC BOAD DOLI-P 6,10% 2023-2030
FBOAD.O1;2028-09-20;700;Notice d'emission FCTC BOAD DOLI-P 6,10% 2023-2030
FBOAD.O1;2029-03-20;400;Notice d'emission FCTC BOAD DOLI-P 6,10% 2023-2030
FBOAD.O1;2029-09-20;200;Notice d'emission FCTC BOAD DOLI-P 6,10% 2023-2030
FBOAD.O1;2030-03-20;0;Notice d'emission FCTC BOAD DOLI-P 6,10% 2023-2030
FSNLC.O1;2026-05-12;9500;Notice d'emission FCTC SENELEC SENIOR 8,15% 2025-2030
FSNLC.O1;2026-11-12;9000;Notice d'emission FCTC SENELEC SENIOR 8,15% 2025-2030
FSNLC.O1;2027-05-12;8500;Notice d'emission FCTC SENELEC SENIOR 8,15% 2025-2030
FSNLC.O1;2027-11-12;8000;Notice d'emission FCTC SENELEC SENIOR 8,15% 2025-2030
FSNLC.O1;2028-05-12;7500;Notice d'emission FCTC SENELEC SENIOR 8,15% 2025-2030
FSNLC.O1;2028-11-12;7000;Notice d'emission FCTC SENELEC SENIOR 8,15% 2025-2030
FSNLC.O1;2029-05-12;6500;Notice d'emission FCTC SENELEC SENIOR 8,15% 2025-2030
FSNLC.O1;2029-11-12;6000;Notice d'emission FCTC SENELEC SENIOR 8,15% 2025-2030
FSNLC.O1;2030-05-12;3000;Notice d'emission FCTC SENELEC SENIOR 8,15% 2025-2030
FSNLC.O1;2030-11-12;0;Notice d'emission FCTC SENELEC SENIOR 8,15% 2025-2030
FSNLC.O2;2026-05-12;9500;Notice d'emission FCTC SENELEC MEZZANINE 10% 2025-2030
FSNLC.O2;2026-11-12;9000;Notice d'emission FCTC SENELEC MEZZANINE 10% 2025-2030
FSNLC.O2;2027-05-12;8500;Notice d'emission FCTC SENELEC MEZZANINE 10% 2025-2030
FSNLC.O2;2027-11-12;8000;Notice d'emission FCTC SENELEC MEZZANINE 10% 2025-2030
FSNLC.O2;2028-05-12;7500;Notice d'emission FCTC SENELEC MEZZANINE 10% 2025-2030
FSNLC.O2;2028-11-12;7000;Notice d'emission FCTC SENELEC MEZZANINE 10% 2025-2030
FSNLC.O2;2029-05-12;6500;Notice d'emission FCTC SENELEC MEZZANINE 10% 2025-2030
FSNLC.O2;2029-11-12;6000;Notice d'emission FCTC SENELEC MEZZANINE 10% 2025-2030
FSNLC.O2;2030-05-12;3000;Notice d'emission FCTC SENELEC MEZZANINE 10% 2025-2030
FSNLC.O2;2030-11-12;0;Notice d'emission FCTC SENELEC MEZZANINE 10% 2025-2030
FNSBB.O1;2025-12-20;8800;Notice d'emission FCTC KEUR SAMBA NSIA BANQUE 7% 2025-2030
FNSBB.O1;2026-06-20;7600;Notice d'emission FCTC KEUR SAMBA NSIA BANQUE 7% 2025-2030
FNSBB.O1;2026-12-20;6400;Notice d'emission FCTC KEUR SAMBA NSIA BANQUE 7% 2025-2030
FNSBB.O1;2027-06-20;5200;Notice d'emission FCTC KEUR SAMBA NSIA BANQUE 7% 2025-2030
FNSBB.O1;2027-12-20;4000;Notice d'emission FCTC KEUR SAMBA NSIA BANQUE 7% 2025-2030
FNSBB.O1;2028-06-20;2800;Notice d'emission FCTC KEUR SAMBA NSIA BANQUE 7% 2025-2030
FNSBB.O1;2028-12-20;2200;Notice d'emission FCTC KEUR SAMBA NSIA BANQUE 7% 2025-2030
FNSBB.O1;2029-06-20;1600;Notice d'emission FCTC KEUR SAMBA NSIA BANQUE 7% 2025-2030
FNSBB.O1;2029-12-20;1000;Notice d'emission FCTC KEUR SAMBA NSIA BANQUE 7% 2025-2030
FNSBB.O1;2030-06-20;500;Notice d'emission FCTC KEUR SAMBA NSIA BANQUE 7% 2025-2030
FNSBB.O1;2030-12-20;0;Notice d'emission FCTC KEUR SAMBA NSIA BANQUE 7% 2025-2030
FNSBB.O2;2025-12-20;8800;Notice d'emission FCTC KEUR SAMBA NSIA BANQUE 9% 2025-2030
FNSBB.O2;2026-06-20;7600;Notice d'emission FCTC KEUR SAMBA NSIA BANQUE 9% 2025-2030
FNSBB.O2;2026-12-20;6400;Notice d'emission FCTC KEUR SAMBA NSIA BANQUE 9% 2025-2030
FNSBB.O2;2027-06-20;5200;Notice d'emission FCTC KEUR SAMBA NSIA BANQUE 9% 2025-2030
FNSBB.O2;2027-12-20;4000;Notice d'emission FCTC KEUR SAMBA NSIA BANQUE 9% 2025-2030
FNSBB.O2;2028-06-20;2800;Notice d'emission FCTC KEUR SAMBA NSIA BANQUE 9% 2025-2030
FNSBB.O2;2028-12-20;2200;Notice d'emission FCTC KEUR SAMBA NSIA BANQUE 9% 2025-2030
FNSBB.O2;2029-06-20;1600;Notice d'emission FCTC KEUR SAMBA NSIA BANQUE 9% 2025-2030
FNSBB.O2;2029-12-20;1000;Notice d'emission FCTC KEUR SAMBA NSIA BANQUE 9% 2025-2030
FNSBB.O2;2030-06-20;500;Notice d'emission FCTC KEUR SAMBA NSIA BANQUE 9% 2025-2030
FNSBB.O2;2030-12-20;0;Notice d'emission FCTC KEUR SAMBA NSIA BANQUE 9% 2025-2030
FNSBC.O4;2025-12-20;9565;Notice d'emission FCTC ZAKA RMBS NSIA BANQUE CI 7,00% 2025-2036
FNSBC.O4;2026-06-20;9130;Notice d'emission FCTC ZAKA RMBS NSIA BANQUE CI 7,00% 2025-2036
FNSBC.O4;2026-12-20;8695;Notice d'emission FCTC ZAKA RMBS NSIA BANQUE CI 7,00% 2025-2036
FNSBC.O4;2027-06-20;8260;Notice d'emission FCTC ZAKA RMBS NSIA BANQUE CI 7,00% 2025-2036
FNSBC.O4;2027-12-20;7825;Notice d'emission FCTC ZAKA RMBS NSIA BANQUE CI 7,00% 2025-2036
FNSBC.O4;2028-06-20;7390;Notice d'emission FCTC ZAKA RMBS NSIA BANQUE CI 7,00% 2025-2036
FNSBC.O4;2028-12-20;6955;Notice d'emission FCTC ZAKA RMBS NSIA BANQUE CI 7,00% 2025-2036
FNSBC.O4;2029-06-20;6520;Notice d'emission FCTC ZAKA RMBS NSIA BANQUE CI 7,00% 2025-2036
FNSBC.O4;2029-12-20;6085;Notice d'emission FCTC ZAKA RMBS NSIA BANQUE CI 7,00% 2025-2036
FNSBC.O4;2030-06-20;5650;Notice d'emission FCTC ZAKA RMBS NSIA BANQUE CI 7,00% 2025-2036
FNSBC.O4;2030-12-20;5215;Notice d'emission FCTC ZAKA RMBS NSIA BANQUE CI 7,00% 2025-2036
FNSBC.O4;2031-06-20;4780;Notice d'emission FCTC ZAKA RMBS NSIA BANQUE CI 7,00% 2025-2036
FNSBC.O4;2031-12-20;4345;Notice d'emission FCTC ZAKA RMBS NSIA BANQUE CI 7,00% 2025-2036
FNSBC.O4;2032-06-20;3910;Notice d'emission FCTC ZAKA RMBS NSIA BANQUE CI 7,00% 2025-2036
FNSBC.O4;2032-12-20;3475;Notice d'emission FCTC ZAKA RMBS NSIA BANQUE CI 7,00% 2025-2036
FNSBC.O4;2033-06-20;3040;Notice d'emission FCTC ZAKA RMBS NSIA BANQUE CI 7,00% 2025-2036
FNSBC.O4;2033-12-20;2605;Notice d'emission FCTC ZAKA RMBS NSIA BANQUE CI 7,00% 2025-2036
FNSBC.O4;2034-06-20;2170;Notice d'emission FCTC ZAKA RMBS NSIA BANQUE CI 7,00% 2025-2036
FNSBC.O4;2034-12-20;1735;Notice d'emission FCTC ZAKA RMBS NSIA BANQUE CI 7,00% 2025-2036
FNSBC.O4;2035-06-20;1300;Notice d'emission FCTC ZAKA RMBS NSIA BANQUE CI 7,00% 2025-2036
FNSBC.O4;2035-12-20;865;Notice d'emission FCTC ZAKA RMBS NSIA BANQUE CI 7,00% 2025-2036
FNSBC.O4;2036-06-20;430;Notice d'emission FCTC ZAKA RMBS NSIA BANQUE CI 7,00% 2025-2036
FNSBC.O4;2036-12-20;0;Notice d'emission FCTC ZAKA RMBS NSIA BANQUE CI 7,00% 2025-2036
FNSBC.O5;2025-12-20;9565;Notice d'emission FCTC ZAKA RMBS NSIA BANQUE CI 9,00% 2025-2036
FNSBC.O5;2026-06-20;9130;Notice d'emission FCTC ZAKA RMBS NSIA BANQUE CI 9,00% 2025-2036
FNSBC.O5;2026-12-20;8695;Notice d'emission FCTC ZAKA RMBS NSIA BANQUE CI 9,00% 2025-2036
FNSBC.O5;2027-06-20;8260;Notice d'emission FCTC ZAKA RMBS NSIA BANQUE CI 9,00% 2025-2036
FNSBC.O5;2027-12-20;7825;Notice d'emission FCTC ZAKA RMBS NSIA BANQUE CI 9,00% 2025-2036
FNSBC.O5;2028-06-20;7390;Notice d'emission FCTC ZAKA RMBS NSIA BANQUE CI 9,00% 2025-2036
FNSBC.O5;2028-12-20;6955;Notice d'emission FCTC ZAKA RMBS NSIA BANQUE CI 9,00% 2025-2036
FNSBC.O5;2029-06-20;6520;Notice d'emission FCTC ZAKA RMBS NSIA BANQUE CI 9,00% 2025-2036
FNSBC.O5;2029-12-20;6085;Notice d'emission FCTC ZAKA RMBS NSIA BANQUE CI 9,00% 2025-2036
FNSBC.O5;2030-06-20;5650;Notice d'emission FCTC ZAKA RMBS NSIA BANQUE CI 9,00% 2025-2036
FNSBC.O5;2030-12-20;5215;Notice d'emission FCTC ZAKA RMBS NSIA BANQUE CI 9,00% 2025-2036
FNSBC.O5;2031-06-20;4780;Notice d'emission FCTC ZAKA RMBS NSIA BANQUE CI 9,00% 2025-2036
FNSBC.O5;2031-12-20;4345;Notice d'emission FCTC ZAKA RMBS NSIA BANQUE CI 9,00% 2025-2036
FNSBC.O5;2032-06-20;3910;Notice d'emission FCTC ZAKA RMBS NSIA BANQUE CI 9,00% 2025-2036
FNSBC.O5;2032-12-20;3475;Notice d'emission FCTC ZAKA RMBS NSIA BANQUE CI 9,00% 2025-2036
FNSBC.O5;2033-06-20;3040;Notice d'emission FCTC ZAKA RMBS NSIA BANQUE CI 9,00% 2025-2036
FNSBC.O5;2033-12-20;2605;Notice d'emission FCTC ZAKA RMBS NSIA BANQUE CI 9,00% 2025-2036
FNSBC.O5;2034-06-20;2170;Notice d'emission FCTC ZAKA RMBS NSIA BANQUE CI 9,00% 2025-2036
FNSBC.O5;2034-12-20;1735;Notice d'emission FCTC ZAKA RMBS NSIA BANQUE CI 9,00% 2025-2036
FNSBC.O5;2035-06-20;1300;Notice d'emission FCTC ZAKA RMBS NSIA BANQUE CI 9,00% 2025-2036
FNSBC.O5;2035-12-20;865;Notice d'emission FCTC ZAKA RMBS NSIA BANQUE CI 9,00% 2025-2036
FNSBC.O5;2036-06-20;430;Notice d'emission FCTC ZAKA RMBS NSIA BANQUE CI 9,00% 2025-2036
FNSBC.O5;2036-12-20;0;Notice d'emission FCTC ZAKA RMBS NSIA BANQUE CI 9,00% 2025-2036
FCAS.O1;2024-10-07;9569.667735;Notice d'emission FCTC CROISSANCE ATLANTIQUE 6,20% 2024-2029
FCAS.O1;2025-01-06;9132.66532;Notice d'emission FCTC CROISSANCE ATLANTIQUE 6,20% 2024-2029
FCAS.O1;2025-04-07;8688.889367;Notice d'emission FCTC CROISSANCE ATLANTIQUE 6,20% 2024-2029
FCAS.O1;2025-07-07;8238.234888;Notice d'emission FCTC CROISSANCE ATLANTIQUE 6,20% 2024-2029
FCAS.O1;2025-10-06;7780.595263;Notice d'emission FCTC CROISSANCE ATLANTIQUE 6,20% 2024-2029
FCAS.O1;2026-01-05;7315.862225;Notice d'emission FCTC CROISSANCE ATLANTIQUE 6,20% 2024-2029
FCAS.O1;2026-04-06;6843.925825;Notice d'emission FCTC CROISSANCE ATLANTIQUE 6,20% 2024-2029
FCAS.O1;2026-07-06;6364.67441;Notice d'emission FCTC CROISSANCE ATLANTIQUE 6,20% 2024-2029
FCAS.O1;2026-10-05;5877.994598;Notice d'emission FCTC CROISSANCE ATLANTIQUE 6,20% 2024-2029
FCAS.O1;2027-01-05;5383.77125;Notice d'emission FCTC CROISSANCE ATLANTIQUE 6,20% 2024-2029
FCAS.O1;2027-04-05;4881.887439;Notice d'emission FCTC CROISSANCE ATLANTIQUE 6,20% 2024-2029
FCAS.O1;2027-07-05;4372.224429;Notice d'emission FCTC CROISSANCE ATLANTIQUE 6,20% 2024-2029
FCAS.O1;2027-10-05;3854.661643;Notice d'emission FCTC CROISSANCE ATLANTIQUE 6,20% 2024-2029
FCAS.O1;2028-01-05;3329.076633;Notice d'emission FCTC CROISSANCE ATLANTIQUE 6,20% 2024-2029
FCAS.O1;2028-04-05;2795.345056;Notice d'emission FCTC CROISSANCE ATLANTIQUE 6,20% 2024-2029
FCAS.O1;2028-07-05;2253.34064;Notice d'emission FCTC CROISSANCE ATLANTIQUE 6,20% 2024-2029
FCAS.O1;2028-10-05;1702.935155;Notice d'emission FCTC CROISSANCE ATLANTIQUE 6,20% 2024-2029
FCAS.O1;2029-01-05;1143.998385;Notice d'emission FCTC CROISSANCE ATLANTIQUE 6,20% 2024-2029
FCAS.O1;2029-04-05;576.398095;Notice d'emission FCTC CROISSANCE ATLANTIQUE 6,20% 2024-2029
FCAS.O1;2029-07-05;0.0;Notice d'emission FCTC CROISSANCE ATLANTIQUE 6,20% 2024-2029
