isin;code;name;issuer;issuerType;country;sector;currency;nominalValue;totalIssued;outstanding;couponRate;couponFrequency;issueDate;maturityDate;firstCouponDate;rating;ratingAgency;callable;callDate;greenBond;description;amortizationType;Titre/Nominal
ML0000002120;EOM.O10;ETAT DU MALI 6,20 % 2022-2029;Etat du Mali;Obligation d'Etat;ML;Etat;XOF;10000;52560000000;52560000000;6.20;1;09/12/2022;09/12/2029;09/12/2026;Caa2;Moody's;false;;false;Obligation du Tresor Public du Mali au taux de 6,20% sur la periode 2022-2029, emise pour le financement budgetaire.;ACD;N
ML0000002369;EOM.O11;ETAT DU MALI 6,40 % 2023-2030;Etat du Mali;Obligation d'Etat;ML;Etat;XOF;10000;1,20E+11;1,20E+11;6.40;1;07/04/2023;07/04/2030;07/04/2027;Caa2;Moody's;false;;false;Obligation du Tresor Public du Mali au taux de 6,40% sur la periode 2023-2030, emise pour le financement budgetaire.;ACD;N
ML0000002542;EOM.O12;ETAT DU MALI 6,50 % 2023-2030;Etat du Mali;Obligation d'Etat;ML;Etat;XOF;10000;1,00E+11;1,00E+11;6.50;1;28/07/2023;28/07/2030;28/07/2027;Caa2;Moody's;false;;false;Obligation du Tresor Public du Mali au taux de 6,50% sur la periode 2023-2030, emise pour le financement budgetaire.;ACD;T
ML0000002930;EOM.O13;ETAT DU MALI 6,50 % 2024-2034;Etat du Mali;Obligation d'Etat;ML;Etat;XOF;10000;80000000000;80000000000;6.50;1;05/04/2024;05/04/2034;05/04/2028;Caa2;Moody's;false;;false;Obligation du Tresor Public du Mali au taux de 6,50% sur la periode 2024-2034, emise pour le financement budgetaire.;ACD;N
ML0000003193;EOM.O14;ETAT DU MALI 3,00 % 2024-2031;Etat du Mali;Obligation d'Etat;ML;Etat;XOF;10000;50396000000;50396000000;3.00;1;01/08/2024;01/08/2031;01/08/2028;Caa2;Moody's;false;;false;Obligation du Tresor Public du Mali au taux de 3,00% sur la periode 2024-2031, emise pour le financement budgetaire.;ACD;N
ML0000003318;EOM.O15;ETAT DU MALI 6,55 % 2024-2031;Etat du Mali;Obligation d'Etat;ML;Etat;XOF;10000;50000000000;50000000000;6.55;1;24/10/2024;24/10/2031;24/10/2028;Caa2;Moody's;false;;false;Obligation du Tresor Public du Mali au taux de 6,55% sur la periode 2024-2031, emise pour le financement budgetaire.;ACD;N
ML0000003326;EOM.O16;ETAT DU MALI 6,35 % 2024-2029;Etat du Mali;Obligation d'Etat;ML;Etat;XOF;10000;30010000000;30010000000;6.35;1;24/10/2024;24/10/2029;24/10/2027;Caa2;Moody's;false;;false;Obligation du Tresor Public du Mali au taux de 6,35% sur la periode 2024-2029, emise pour le financement budgetaire.;ACD;N
ML0000003573;EOM.O17;ETAT DU MALI 6,55% 2025-2032;Etat du Mali;Obligation d'Etat;ML;Etat;XOF;10000;68900000000;68900000000;6.55;1;28/03/2025;28/03/2032;28/03/2029;Caa2;Moody's;false;;false;Obligation du Tresor Public du Mali au taux de 6,55% sur la periode 2025-2032, emise pour le financement budgetaire.;ACD;N
ML0000003581;EOM.O18;ETAT DU MALI 6,35% 2025-2030;Etat du Mali;Obligation d'Etat;ML;Etat;XOF;10000;32100000000;32100000000;6.35;1;28/03/2025;28/03/2030;28/03/2028;Caa2;Moody's;false;;false;Obligation du Tresor Public du Mali au taux de 6,35% sur la periode 2025-2030, emise pour le financement budgetaire.;ACD;N
ML0000003870;EOM.O19;ETAT DU MALI 6,55% 2025-2032;Etat du Mali;Obligation d'Etat;ML;Etat;XOF;10000;67447100000;67447100000;6.55;1;15/08/2025;15/08/2032;15/08/2029;Caa2;Moody's;false;;false;Obligation du Tresor Public du Mali au taux de 6,55% sur la periode 2025-2032, emise pour le financement budgetaire.;ACD;N
ML0000003888;EOM.O20;ETAT DU MALI 6,35% 2025-2030;Etat du Mali;Obligation d'Etat;ML;Etat;XOF;10000;32552900000;32552900000;6.35;1;15/08/2025;15/08/2030;15/08/2028;Caa2;Moody's;false;;false;Obligation du Tresor Public du Mali au taux de 6,35% sur la periode 2025-2030, emise pour le financement budgetaire.;ACD;N
ML0000001197;EOM.O4;ETAT DU MALI 6,50% 2019-2027;Etat du Mali;Obligation d'Etat;ML;Etat;XOF;4000;1,16E+11;46568404000;6.50;1;12/07/2019;12/07/2027;12/07/2023;Caa2;Moody's;false;;false;Obligation du Tresor Public du Mali au taux de 6,50% sur la periode 2019-2027, emise pour le financement budgetaire.;AC;N
ML0000001312;EOM.O5;ETAT DU MALI 6,50% 2020-2028;Etat du Mali;Obligation d'Etat;ML;Etat;XOF;4000;1,16E+11;46480000000;6.50;1;27/03/2020;27/03/2028;27/03/2024;Caa2;Moody's;false;;false;Obligation du Tresor Public du Mali au taux de 6,50% sur la periode 2020-2028, emise pour le financement budgetaire.;ACD;N
ML0000001544;EOM.O6;ETAT DU MALI 6,50% 2020-2027;Etat du Mali;Obligation d'Etat;ML;Etat;XOF;4000;1,10E+11;44000000000;6.50;1;30/11/2020;30/11/2027;30/11/2023;Caa2;Moody's;false;;false;Obligation du Tresor Public du Mali au taux de 6,50% sur la periode 2020-2027, emise pour le financement budgetaire.;AC;N
ML0000001668;EOM.O7;ETAT DU MALI 6.50% 2021-2031;Etat du Mali;Obligation d'Etat;ML;Etat;XOF;6250;1,50E+11;93750000000;6.50;1;16/04/2021;16/04/2031;16/04/2024;Caa2;Moody's;false;;false;Obligation du Tresor Public du Mali au taux de 6,50% sur la periode 2021-2031, emise pour le financement budgetaire.;AC;N
ML0000001932;EOM.O8;ETAT DU MALI 6,20 % 2022-2032;Etat du Mali;Obligation d'Etat;ML;Etat;XOF;10000;2,08E+11;2,08E+11;6.20;1;07/09/2022;07/09/2032;07/09/2026;Caa2;Moody's;false;;false;Obligation du Tresor Public du Mali au taux de 6,20% sur la periode 2022-2032, emise pour le financement budgetaire.;ACD;N
ML0000002112;EOM.O9;ETAT DU MALI 6,30% 2022-2032;Etat du Mali;Obligation d'Etat;ML;Etat;XOF;10000;70750000000;70750000000;6.30;1;09/12/2022;09/12/2032;09/12/2026;Caa2;Moody's;false;;false;Obligation du Tresor Public du Mali au taux de 6,30% sur la periode 2022-2032, emise pour le financement budgetaire.;ACD;N
SN0000002403;EOS.O10;ETAT DU SENEGAL 6,15 % 2023-2030;Etat du Sénégal;Obligation d'Etat;SN;Etat;XOF;10000;68991410000;55193128000;6.15;2;29/03/2023;29/03/2030;29/09/2025;Caa1;Moody's;false;;false;Obligation du Tresor Public du Senegal au taux de 6,15% sur la periode 2023-2030, emise pour le financement budgetaire.;ACD;T
SN0000002411;EOS.O11;ETAT DU SENEGAL 6,35 % 2023-2033;Etat du Sénégal;Obligation d'Etat;SN;Etat;XOF;10000;56623720000;49545755000;6.35;2;29/03/2023;29/03/2033;29/09/2025;Caa1;Moody's;false;;false;Obligation du Tresor Public du Senegal au taux de 6,35% sur la periode 2023-2033, emise pour le financement budgetaire.;ACD;T
SN0000002726;EOS.O12;ETAT DU SENEGAL 6,15 % 2023-2028;Etat du Sénégal;Obligation d'Etat;SN;Etat;XOF;10000;59461510000;37163443750;6.15;2;14/08/2023;14/08/2028;14/02/2025;Caa1;Moody's;false;;false;Obligation du Tresor Public du Senegal au taux de 6,15% sur la periode 2023-2028, emise pour le financement budgetaire.;ACD;T
SN0000002734;EOS.O13;ETAT DU SENEGAL 6,30 % 2023-2030;Etat du Sénégal;Obligation d'Etat;SN;Etat;XOF;10000;48550200000;43695180000;6.30;2;14/08/2023;14/08/2030;14/02/2026;Caa1;Moody's;false;;false;Obligation du Tresor Public du Senegal au taux de 6,30% sur la periode 2023-2030, emise pour le financement budgetaire.;ACD;T
SN0000002742;EOS.O14;ETAT DU SENEGAL 6,50 % 2023-2033;Etat du Sénégal;Obligation d'Etat;SN;Etat;XOF;10000;30254990000;28364053125;6.50;2;14/08/2023;14/08/2033;14/02/2026;Caa1;Moody's;false;;false;Obligation du Tresor Public du Senegal au taux de 6,50% sur la periode 2023-2033, emise pour le financement budgetaire.;ACD;T
SN0000002916;EOS.O15;ETAT DU SENEGAL 6,25 % 2024-2029;Etat du Sénégal;Obligation d'Etat;SN;Etat;XOF;10000;1,15E+11;86587365000;6.25;2;09/02/2024;09/02/2029;09/08/2025;Caa1;Moody's;false;;false;Obligation du Tresor Public du Senegal au taux de 6,25% sur la periode 2024-2029, emise pour le financement budgetaire.;ACD;T
SN0000002924;EOS.O16;ETAT DU SENEGAL 6,45 % 2024-2031;Etat du Sénégal;Obligation d'Etat;SN;Etat;XOF;10000;99515800000;99515800000;6.45;2;09/02/2024;09/02/2031;09/08/2026;Caa1;Moody's;false;;false;Obligation du Tresor Public du Senegal au taux de 6,45% sur la periode 2024-2031, emise pour le financement budgetaire.;ACD;T
SN0000002932;EOS.O17;ETAT DU SENEGAL 6,65 % 2024-2034;Etat du Sénégal;Obligation d'Etat;SN;Etat;XOF;10000;50674160000;50674160000;6.65;2;09/02/2024;09/02/2034;09/08/2026;Caa1;Moody's;false;;false;Obligation du Tresor Public du Senegal au taux de 6,65% sur la periode 2024-2034, emise pour le financement budgetaire.;ACD;T
SN0000003922;EOS.O18;ETAT DU SENEGAL 6,40 % 2025-2028;Etat du Sénégal;Obligation d'Etat;SN;Etat;XOF;10000;20000000000;20000000000;6.40;2;16/04/2025;16/04/2028;16/04/2028;Caa1;Moody's;false;;false;Obligation du Tresor Public du Senegal au taux de 6,40% sur la periode , emise pour le financement budgetaire.;IF;
SN0000003930;EOS.O19;ETAT DU SENEGAL 6,60 % 2025-2030;Etat du Sénégal;Obligation d'Etat;SN;Etat;XOF;10000;2,37E+11;2,13E+11;6.60;2;16/04/2025;31/12/2030;16/04/2026;Caa1;Moody's;false;;false;Obligation du Tresor Public du Senegal au taux de 6,60% sur la periode 2025-2030, emise pour le financement budgetaire.;ACD;T
SN0000003948;EOS.O20;ETAT DU SENEGAL 6,75 % 2025-2032;Etat du Sénégal;Obligation d'Etat;SN;Etat;XOF;10000;95003360000;95003360000;6.75;2;16/04/2025;16/04/2032;16/04/2027;Caa1;Moody's;false;;false;Obligation du Tresor Public du Senegal au taux de 6,75% sur la periode , emise pour le financement budgetaire.;ACD;N
SN0000003955;EOS.O21;ETAT DU SENEGAL 6,95 % 2025-2035;Etat du Sénégal;Obligation d'Etat;SN;Etat;XOF;10000;64730070000;64730070000;6.95;2;16/04/2025;16/04/2035;16/10/2027;Caa1;Moody's;false;;false;Obligation du Tresor Public du Senegal au taux de 6,95% sur la periode , emise pour le financement budgetaire.;ACD;N
SN0000004037;EOS.O22;ETAT DU SENEGAL 6,40% 2025-2028;Etat du Sénégal;Obligation d'Etat;SN;Etat;XOF;10000;67484070000;67484070000;6.40;2;11/07/2025;11/07/2028;16/04/2028;Caa1;Moody's;false;;false;Obligation du Tresor Public du Senegal au taux de 6,40% sur la periode , emise pour le financement budgetaire.;IF;
SN0000004045;EOS.O23;ETAT DU SENEGAL 6,60% 2025-2030;Etat du Sénégal;Obligation d'Etat;SN;Etat;XOF;10000;84264810000;84264810000;6.60;2;11/07/2025;11/07/2030;11/01/2027;Caa1;Moody's;false;;false;Obligation du Tresor Public du Senegal au taux de 6,60% sur la periode , emise pour le financement budgetaire.;ACD;N
SN0000004052;EOS.O24;ETAT DU SENEGAL 6,75% 2025-2032;Etat du Sénégal;Obligation d'Etat;SN;Etat;XOF;10000;55000000000;55000000000;6.75;2;11/07/2025;11/07/2032;11/01/2028;Caa1;Moody's;false;;false;Obligation du Tresor Public du Senegal au taux de 6,75% sur la periode 2025-2032, emise pour le financement budgetaire.;ACD;N
SN0000004060;EOS.O25;ETAT DU SENEGAL 6,95% 2025-2035;Etat du Sénégal;Obligation d'Etat;SN;Etat;XOF;10000;1,57E+11;1,57E+11;6.95;2;11/07/2025;11/07/2035;16/10/2027;Caa1;Moody's;false;;false;Obligation du Tresor Public du Senegal au taux de 6,95% sur la periode 2025-2035, emise pour le financement budgetaire.;ACD;N
SN0000004268;EOS.O26;ETAT DU SENEGAL 6,40% 2025-2028;Etat du Sénégal;Obligation d'Etat;SN;Etat;XOF;10000;1,22E+11;1,22E+11;6.40;2;17/10/2025;17/10/2028;17/10/2028;Caa1;Moody's;false;;false;Obligation du Tresor Public du Senegal au taux de 6,40% sur la periode 2025-2028, emise pour le financement budgetaire.;IF;
SN0000004276;EOS.O27;ETAT DU SENEGAL 6,60% 2025-2030;Etat du Sénégal;Obligation d'Etat;SN;Etat;XOF;10000;1,19E+11;1,19E+11;6.60;2;17/10/2025;17/10/2030;17/04/2027;Caa1;Moody's;false;;false;Obligation du Tresor Public du Senegal au taux de 6,60% sur la periode 2025-2030, emise pour le financement budgetaire.;ACD;N
SN0000004284;EOS.O28;ETAT DU SENEGAL 6,75% 2025-2032;Etat du Sénégal;Obligation d'Etat;SN;Etat;XOF;10000;1,20E+11;1,20E+11;6.75;2;17/10/2025;17/10/2032;17/04/2028;Caa1;Moody's;false;;false;Obligation du Tresor Public du Senegal au taux de 6,75% sur la periode 2025-2032, emise pour le financement budgetaire.;ACD;N
SN0000004292;EOS.O29;ETAT DU SENEGAL 6,95% 2025-2035;Etat du Sénégal;Obligation d'Etat;SN;Etat;XOF;10000;92978830000;92978830000;6.95;2;17/10/2025;17/10/2035;17/04/2028;Caa1;Moody's;false;;false;Obligation du Tresor Public du Senegal au taux de 6,95% sur la periode 2025-2035, emise pour le financement budgetaire.;ACD;N
SN0000002239;EOS.O8;ETAT DU SENEGAL 5,95% 2022-2034;Etat du Sénégal;Obligation d'Etat;SN;Etat;XOF;10000;1,50E+11;1,50E+11;5.95;1;29/12/2022;29/12/2034;29/12/2026;Caa1;Moody's;false;;false;Obligation du Tresor Public du Senegal au taux de 5,95% sur la periode 2022-2034, emise pour le financement budgetaire.;ACD;N
SN0000002395;EOS.O9;ETAT DU SENEGAL 6,00 % 2023-2028;Etat du Sénégal;Obligation d'Etat;SN;Etat;XOF;10000;79244870000;39622435000;6.00;2;29/03/2023;29/03/2028;29/09/2024;Caa1;Moody's;false;;false;Obligation du Tresor Public du Senegal au taux de 6,00% sur la periode , emise pour le financement budgetaire.;ACD;T
BF0000001487;TPBF.O10;TPBF 6,50% 2020 - 2028;Etat du Burkina Faso;Obligation d'Etat;BF;Etat;XOF;3333;1,40E+11;46666666666.6667;6.50;2;20/03/2020;20/03/2028;20/09/2022;CCC+;S&P;false;;false;Obligation du Tresor Public du Burkina Faso au taux de 6,50% sur la periode 2020-2028, emise pour le financement budgetaire.;ACD;N
BF0000001537;TPBF.O11;TPBF 6,50 % 2020-2028;Etat du Burkina Faso;Obligation d'Etat;BF;Etat;XOF;4169;1,33E+11;60255409090.9091;6.50;2;09/07/2020;09/07/2028;09/07/2023;CCC+;S&P;false;;false;Obligation du Tresor Public du Burkina Faso au taux de 6,50% sur la periode 2020-2028, emise pour le financement budgetaire.;ACD;N
BF0000001743;TPBF.O12;TPBF 6.50% 2021-2031;Etat du Burkina Faso;Obligation d'Etat;BF;Etat;XOF;10000;1,50E+11;91666666666.6667;6.50;2;06/07/2021;06/07/2031;06/01/2023;CCC+;S&P;false;;false;Obligation du Tresor Public du Burkina Faso au taux de 6,50% sur la periode 2021-2031, emise pour le financement budgetaire.;ACD;T
BF0000001867;TPBF.O13;TPBF 6,50 % 2021 - 2031;Etat du Burkina Faso;Obligation d'Etat;BF;Etat;XOF;10000;1,50E+11;93750000000;6.50;2;25/03/2025;25/03/2031;25/09/2023;CCC+;S&P;false;;false;Obligation du Tresor Public du Burkina Faso au taux de 6,50% sur la periode 2021-2031, emise pour le financement budgetaire.;ACD;T
BF0000002212;TPBF.O14;TPBF 6,30% 2022-2034;Etat du Burkina Faso;Obligation d'Etat;BF;Etat;XOF;10000;1,65E+11;1,40E+11;6.30;2;01/09/2022;01/09/2034;01/03/2025;CCC+;S&P;false;;false;Obligation du Tresor Public du Burkina Faso au taux de 6,30% sur la periode 2022-2034, emise pour le financement budgetaire.;ACD;T
BF0000002287;TPBF.O15;ETAT DU BURKINA 6,30 % 2022-2034;Etat du Burkina Faso;Obligation d'Etat;BF;Etat;XOF;10000;1,50E+11;1,35E+11;6.30;2;15/11/2022;15/11/2034;15/05/2025;CCC+;S&P;false;;false;Obligation du Tresor Public du Burkina Faso au taux de 6,30% sur la periode , emise pour le financement budgetaire.;ACD;T
BF0000002436;TPBF.O16;ETAT DU BURKINA 6% 2023-2028;Etat du Burkina Faso;Obligation d'Etat;BF;Etat;XOF;10000;1,73E+11;115333333333.333;6.00;2;10/01/2023;10/01/2028;10/07/2025;CCC+;S&P;false;;false;Obligation du Tresor Public du Burkina Faso au taux de 6,00% sur la periode 2023-2028, emise pour le financement budgetaire.;ACD;T
BF0000002709;TPBF.O17;TPBF 6,30 % 2023-2030;Etat du Burkina Faso;Obligation d'Etat;BF;Etat;XOF;10000;66865000000;60178500000;6.30;2;12/10/2023;12/10/2030;12/04/2026;CCC+;S&P;false;;false;Obligation du Tresor Public du Burkina Faso au taux de 6,30% sur la periode 2023-2030, emise pour le financement budgetaire.;ACD;T
BF0000002717;TPBF.O18;TPBF 6,50% 2023-2033;Etat du Burkina Faso;Obligation d'Etat;BF;Etat;XOF;10000;43511000000;40610266666.6667;6.50;2;10/10/2023;10/10/2033;12/04/2026;CCC+;S&P;false;;false;Obligation du Tresor Public du Burkina Faso au taux de 6,50% sur la periode 2023-2033, emise pour le financement budgetaire.;ACD;T
BF0000003061;TPBF.O19;ETAT DU BURKINA 6,30% 2024-2029;Etat du Burkina Faso;Obligation d'Etat;BF;Etat;XOF;10000;69698600000;69698600000;6.30;2;06/05/2024;06/05/2029;06/11/2026;CCC+;S&P;false;;false;Obligation du Tresor Public du Burkina Faso au taux de 6,30% sur la periode 2024-2029, emise pour le financement budgetaire.;ACD;N
BF0000003079;TPBF.O20;ETAT DU BURKINA 6,55% 2024-2031;Etat du Burkina Faso;Obligation d'Etat;BF;Etat;XOF;10000;59984230000;59984230000;6.55;2;06/05/2024;06/05/2031;06/11/2026;CCC+;S&P;false;;false;Obligation du Tresor Public du Burkina Faso au taux de 6,55% sur la periode 2024-2031, emise pour le financement budgetaire.;ACD;N
BF0000003350;TPBF.O21;ETAT DU BURKINA 6,50% 2024-2029;Etat du Burkina Faso;Obligation d'Etat;BF;Etat;XOF;10000;65895000000;65895000000;6.50;2;28/11/2024;28/11/2029;28/05/2027;CCC+;S&P;false;;false;Obligation du Tresor Public du Burkina Faso au taux de 6,50% sur la periode 2024-2029, emise pour le financement budgetaire.;ACD;T
BF0000003368;TPBF.O22;ETAT DU BURKINA 6,80% 2024-2032;Etat du Burkina Faso;Obligation d'Etat;BF;Etat;XOF;10000;38100000000;38100000000;6.80;2;28/11/2024;28/11/2032;28/05/2028;CCC+;S&P;false;;false;Obligation du Tresor Public du Burkina Faso au taux de 6,80% sur la periode 2024-2032, emise pour le financement budgetaire.;ACD;T
BF0000004127;TPBF.O23;ETAT DU BURKINA 6,60% 2025-2030;Etat du Burkina Faso;Obligation d'Etat;BF;Etat;XOF;10000;67575000000;67575000000;6.60;2;25/10/2025;25/10/2030;24/04/2028;CCC+;S&P;false;;false;Obligation du Tresor Public du Burkina Faso au taux de 6,60% sur la periode 2025-2030, emise pour le financement budgetaire.;ACD;N
BF0000004143;TPBF.O24;ETAT DU BURKINA 6,80% 2025-2032;Etat du Burkina Faso;Obligation d'Etat;BF;Etat;XOF;10000;25850000000;25850000000;6.80;2;25/10/2025;25/10/2032;24/04/2029;CCC+;S&P;false;;false;Obligation du Tresor Public du Burkina Faso au taux de 6,80% sur la periode 2025-2032, emise pour le financement budgetaire.;ACD;N
BF0000004150;TPBF.O25;ETAT DU BURKINA 7% 2025-2035;Etat du Burkina Faso;Obligation d'Etat;BF;Etat;XOF;10000;37930000000;37930000000;7.00;2;25/10/2025;25/10/2035;24/04/2028;CCC+;S&P;false;;false;Obligation du Tresor Public du Burkina Faso au taux de 7,00% sur la periode 2025-2035, emise pour le financement budgetaire.;ACD;N
BF0000000745;TPBF.O4;TPBF 6.50% 2017-2027;Etat du Burkina Faso;Obligation d'Etat;BF;Etat;XOF;10000;1,22E+11;22878444375;6.50;2;31/07/2017;31/07/2027;31/01/2020;CCC+;S&P;false;;false;Obligation du Tresor Public du Burkina Faso au taux de 6,50% sur la periode 2017-2027, emise pour le financement budgetaire.;ACD;T
BF0000001271;TPBF.O8;TPBF 6,50% 2019-2027;Etat du Burkina Faso;Obligation d'Etat;BF;Etat;XOF;10000;1,25E+11;31250000000;6.50;2;08/10/2019;08/10/2027;08/04/2022;CCC+;S&P;false;;false;Obligation du Tresor Public du Burkina Faso au taux de 6,50% sur la periode 2019-2027, emise pour le financement budgetaire.;ACD;T
BF0000001362;TPBF.O9;TPBF 6,50% 2019 - 2027;Etat du Burkina Faso;Obligation d'Etat;BF;Etat;XOF;10000;75000000000;18750000000;6.50;2;08/10/2019;08/10/2027;08/04/2022;CCC+;S&P;false;;false;Obligation du Tresor Public du Burkina Faso au taux de 6,50% sur la periode 2019-2027, emise pour le financement budgetaire.;ACD;T
BJ0000002663;TPBJ.O10;TPBJ 6,15% 2025-2035;Etat du Bénin;Obligation d'Etat;BJ;Etat;XOF;10000;47997300000;47997300000;6.15;1;20/11/2025;20/11/2035;20/11/2028;B1;Moody's;false;;false;Obligation du Tresor Public du Benin au taux de 6,15% sur la periode 2025-2035, emise pour le financement budgetaire.;ACD;T
BJ0000001418;TPBJ.O3;TPBJ 6,50% 2020-2028;Etat du Bénin;Obligation d'Etat;BJ;Etat;XOF;10000;1,10E+11;55000000000;6.50;1;25/08/2020;25/08/2028;25/08/2023;B1;Moody's;false;;false;Obligation du Tresor Public du Benin au taux de 6,50% sur la periode 2020-2028, emise pour le financement budgetaire.;AC;T
BJ0000001665;TPBJ.O4;TPBJ 5,50 % 2022-2037;Etat du Bénin;Obligation d'Etat;BJ;Etat;XOF;10000;60252180000;44184932000;5.50;1;01/03/2022;01/03/2037;01/03/2023;B1;Moody's;false;;false;Obligation du Tresor Public du Benin au taux de 5,50% sur la periode 2022-2037, emise pour le financement budgetaire.;AC;T
BJ0000001673;TPBJ.O5;TPBJ 5,85 % 2022-2042;Etat du Bénin;Obligation d'Etat;BJ;Etat;XOF;10000;95137070000;84566284444.4444;5.85;1;01/03/2022;01/03/2042;01/03/2025;B1;Moody's;false;;false;Obligation du Tresor Public du Benin au taux de 5,85% sur la periode 2022-2042, emise pour le financement budgetaire.;ACD;T
BJ0000001764;TPBJ.O6;TPBJ 5,75% 2022-2037;Etat du Bénin;Obligation d'Etat;BJ;Etat;XOF;10000;1,90E+11;1,52E+11;5.75;1;28/07/2022;28/07/2037;28/07/2023;B1;Moody's;false;;false;Obligation du Tresor Public du Benin au taux de 5,75% sur la periode 2022-2037, emise pour le financement budgetaire.;ACD;T
BJ0000001947;TPBJ.O7;TPBJ 5,70% 2023-2030;Etat du Bénin;Obligation d'Etat;BJ;Etat;XOF;10000;77000000000;44000000000;5.70;1;13/03/2023;13/03/2030;13/03/2024;B1;Moody's;false;;false;Obligation du Tresor Public du Benin au taux de 5,70% sur la periode 2023-2030, emise pour le financement budgetaire.;AC;T
BJ0000001954;TPBJ.O8;TPBJ 6,20% 2023-2038;Etat du Bénin;Obligation d'Etat;BJ;Etat;XOF;10000;88000000000;70400000000;6.20;1;13/03/2023;13/03/2038;13/03/2024;B1;Moody's;false;;false;Obligation du Tresor Public du Benin au taux de 6,20% sur la periode 2023-2038, emise pour le financement budgetaire.;AC;T
BJ0000002655;TPBJ.O9;TPBJ 6,00% 2025-2032;Etat du Bénin;Obligation d'Etat;BJ;Etat;XOF;10000;93706740000;93706740000;6.00;1;20/11/2025;20/11/2032;20/11/2032;B1;Moody's;false;;false;Obligation du Tresor Public du Benin au taux de 6,00% sur la periode 2025-2032, emise pour le financement budgetaire.;ACD;T
CI0000002172;TPCI.O100;TPCI 5,85% 2025-2032;Etat de Côte d'Ivoire;Obligation d'Etat;CI;Etat;XOF;10000;1,12E+11;1,12E+11;5.85;1;18/12/2025;18/12/2032;18/12/2028;Ba2;Moody's;false;;false;Obligation du Tresor Public de Cote d'Ivoire au taux de 5,85% sur la periode 2025-2032, emise pour le financement budgetaire.;ACD;T
CI0000001822;TPCI.O21;TPCI 6% 2016-2028;Etat de Côte d'Ivoire;Obligation d'Etat;CI;Etat;XOF;10000;1,25E+11;25094920000;6.00;1;08/04/2016;08/04/2028;08/04/2019;Ba2;Moody's;false;;false;Obligation du Tresor Public de Cote d'Ivoire au taux de 6,00% sur la periode 2016-2028, emise pour le financement budgetaire.;ACD;T
CI0000001889;TPCI.O22;TPCI 5.90% 2016 - 2026;Etat de Côte d'Ivoire;Obligation d'Etat;CI;Etat;XOF;10000;1,60E+11;19974171250;5.90;1;15/06/2016;15/06/2026;15/06/2019;Ba2;Moody's;false;;false;Obligation du Tresor Public de Cote d'Ivoire au taux de 5,90% sur la periode 2016-2026, emise pour le financement budgetaire.;ACD;T
CI0000002119;TPCI.O23;TPCI 5.90% 2016-2026;Etat de Côte d'Ivoire;Obligation d'Etat;CI;Etat;XOF;10000;1,42E+11;20283020000;5.90;1;17/11/2016;17/11/2026;17/11/2020;Ba2;Moody's;false;;false;Obligation du Tresor Public de Cote d'Ivoire au taux de 5,90% sur la periode 2016-2026, emise pour le financement budgetaire.;ACD;T
CI0000002317;TPCI.O24;TPCI 6.25% 2017-2029;Etat de Côte d'Ivoire;Obligation d'Etat;CI;Etat;XOF;10000;1,37E+11;41116827000;6.25;2;31/03/2017;31/03/2029;30/09/2019;Ba2;Moody's;false;;false;Obligation du Tresor Public de Cote d'Ivoire au taux de 6,25% sur la periode 2017-2029, emise pour le financement budgetaire.;ACD;T
CI0000002648;TPCI.O28;TPCI 6% 2018 - 2026;Etat de Côte d'Ivoire;Obligation d'Etat;CI;Etat;XOF;10000;1,65E+11;27440095000;6.00;1;01/08/2018;01/08/2026;01/08/2021;Ba2;Moody's;false;;false;Obligation du Tresor Public de Cote d'Ivoire au taux de 6,00% sur la periode 2018-2026, emise pour le financement budgetaire.;ACD;T
CI0000002663;TPCI.O29;TPCI 6% 2018-2026;Etat de Côte d'Ivoire;Obligation d'Etat;CI;Etat;XOF;10000;1,30E+11;0;6.00;1;19/04/2018;19/04/2026;19/04/2021;Ba2;Moody's;false;;false;Obligation du Tresor Public de Cote d'Ivoire au taux de 6,00% sur la periode 2018-2026, emise pour le financement budgetaire.;ACD;T
CI0000002952;TPCI.O31;TPCI 5,75% 2019 - 2026;Etat de Côte d'Ivoire;Obligation d'Etat;CI;Etat;XOF;10000;78822000000;15764400000;5.75;1;20/06/2019;20/06/2026;20/06/2022;Ba2;Moody's;false;;false;Obligation du Tresor Public de Cote d'Ivoire au taux de 5,75% sur la periode 2019-2026, emise pour le financement budgetaire.;ACD;T
CI0000002960;TPCI.O32;TPCI 2,23% 2019-2026;Etat de Côte d'Ivoire;Obligation d'Etat;CI;Etat;XOF;10000;47000000000;11750000000;2.23;1;20/06/2019;20/06/2026;20/06/2023;Ba2;Moody's;false;;false;Obligation du Tresor Public de Cote d'Ivoire au taux de 2,23% sur la periode 2019-2026, emise pour le financement budgetaire.;ACD;T
CI0000002911;TPCI.O34;TPCI 6% 2019-2029;Etat de Côte d'Ivoire;Obligation d'Etat;CI;Etat;XOF;3750;31532500000;11824687500;6.00;1;20/03/2019;20/03/2029;20/03/2022;Ba2;Moody's;false;;false;Obligation du Tresor Public de Cote d'Ivoire au taux de 6,00% sur la periode 2019-2029, emise pour le financement budgetaire.;ACD;N
CI0000003059;TPCI.O35;TPCI 5,75% 2019 -2026;Etat de Côte d'Ivoire;Obligation d'Etat;CI;Etat;XOF;10000;1,17E+11;23334604000;5.75;1;11/07/2019;11/07/2026;11/07/2022;Ba2;Moody's;false;;false;Obligation du Tresor Public de Cote d'Ivoire au taux de 5,75% sur la periode 2019-2026, emise pour le financement budgetaire.;ACD;T
CI0000003117;TPCI.O36;TPCI 5,75% 2019- 2026;Etat de Côte d'Ivoire;Obligation d'Etat;CI;Etat;XOF;10000;79966230000;15993246000;5.75;1;21/08/2019;21/08/2026;21/08/2022;Ba2;Moody's;false;;false;Obligation du Tresor Public de Cote d'Ivoire au taux de 5,75% sur la periode 2019-2026, emise pour le financement budgetaire.;ACD;T
CI0000003174;TPCI.O37;TPCI 5,80% 2019-2026;Etat de Côte d'Ivoire;Obligation d'Etat;CI;Etat;XOF;2000;2,24E+11;44803208000;5.80;1;04/12/2019;04/12/2026;04/12/2022;Ba2;Moody's;false;;false;Obligation du Tresor Public de Cote d'Ivoire au taux de 5,80% sur la periode 2019-2026, emise pour le financement budgetaire.;ACD;N
CI0000003133;TPCI.O38;TPCI 5,75% 2019-2026;Etat de Côte d'Ivoire;Obligation d'Etat;CI;Etat;XOF;2000;1,31E+11;26255212000;5.75;1;04/12/2019;04/12/2026;04/12/2022;Ba2;Moody's;false;;false;Obligation du Tresor Public de Cote d'Ivoire au taux de 5,75% sur la periode 2019-2026, emise pour le financement budgetaire.;ACD;N
CI0000003125;TPCI.O39;TPCI 5,75% 2019 - 2026;Etat de Côte d'Ivoire;Obligation d'Etat;CI;Etat;XOF;2000;1,12E+11;22302490000;5.75;1;17/10/2019;17/10/2026;17/10/2022;Ba2;Moody's;false;;false;Obligation du Tresor Public de Cote d'Ivoire au taux de 5,75% sur la periode 2019-2026, emise pour le financement budgetaire.;ACD;N
CI0000003380;TPCI.O40;TPCI 5,75% 2019-2026;Etat de Côte d'Ivoire;Obligation d'Etat;CI;Etat;XOF;2000;1,29E+11;25886520000;5.75;1;10/01/2020;10/01/2027;10/01/2023;Ba2;Moody's;false;;false;Obligation du Tresor Public de Cote d'Ivoire au taux de 5,75% sur la periode 2019-2026, emise pour le financement budgetaire.;ACD;N
CI0000003422;TPCI.O41;TPCI 5,80% 2020-2027;Etat de Côte d'Ivoire;Obligation d'Etat;CI;Etat;XOF;10000;86402890000;17280578000;5.80;1;28/02/2020;28/02/2027;28/02/2023;Ba2;Moody's;false;;false;Obligation du Tresor Public de Cote d'Ivoire au taux de 5,80% sur la periode 2020-2027, emise pour le financement budgetaire.;ACD;T
CI0000003430;TPCI.O42;TPCI 5,90% 2020-2030;Etat de Côte d'Ivoire;Obligation d'Etat;CI;Etat;XOF;10000;37805610000;18902805000;5.90;1;28/02/2020;28/02/2030;28/02/2023;Ba2;Moody's;false;;false;Obligation du Tresor Public de Cote d'Ivoire au taux de 5,90% sur la periode 2020-2030, emise pour le financement budgetaire.;ACD;T
CI0000003588;TPCI.O43;TPCI 5,90% 2020-2030;Etat de Côte d'Ivoire;Obligation d'Etat;CI;Etat;XOF;10000;56114040000;28057020000;5.90;1;23/04/2020;23/04/2030;23/04/2023;Ba2;Moody's;false;;false;Obligation du Tresor Public de Cote d'Ivoire au taux de 5,90% sur la periode 2020-2030, emise pour le financement budgetaire.;ACD;T
CI0000003596;TPCI.O44;TPCI 5,80% 2020-2027;Etat de Côte d'Ivoire;Obligation d'Etat;CI;Etat;XOF;10000;61710640000;12342128000;5.80;1;23/04/2020;23/04/2027;23/04/2023;Ba2;Moody's;false;;false;Obligation du Tresor Public de Cote d'Ivoire au taux de 5,80% sur la periode 2020-2027, emise pour le financement budgetaire.;ACD;T
CI0000003471;TPCI.O45;TPCI 5,80% 2020 -2027;Etat de Côte d'Ivoire;Obligation d'Etat;CI;Etat;XOF;4000;65390590000;26156236000;5.80;1;16/06/2027;16/06/2027;16/06/2023;Ba2;Moody's;false;;false;Obligation du Tresor Public de Cote d'Ivoire au taux de 5,80% sur la periode 2020-2027, emise pour le financement budgetaire.;ACD;N
CI0000003497;TPCI.O46;TPCI 5,90% 2020-2030;Etat de Côte d'Ivoire;Obligation d'Etat;CI;Etat;XOF;6250;31043200000;19402000000;5.90;1;16/06/2020;16/06/2030;16/06/2023;Ba2;Moody's;false;;false;Obligation du Tresor Public de Cote d'Ivoire au taux de 5,90% sur la periode 2020-2030, emise pour le financement budgetaire.;ACD;N
CI0000003489;TPCI.O47;TPCI 5,80% 2020 - 2027;Etat de Côte d'Ivoire;Obligation d'Etat;CI;Etat;XOF;4000;34639000000;13855600000;5.80;1;16/06/2020;16/06/2027;16/06/2023;Ba2;Moody's;false;;false;Obligation du Tresor Public de Cote d'Ivoire au taux de 5,80% sur la periode 2020-2027, emise pour le financement budgetaire.;ACD;N
CI0000003653;TPCI.O48;TPCI 5,80% 2020- 2027;Etat de Côte d'Ivoire;Obligation d'Etat;CI;Etat;XOF;4000;93127500000;37251000000;5.80;1;29/07/2020;29/07/2027;29/07/2023;Ba2;Moody's;false;;false;Obligation du Tresor Public de Cote d'Ivoire au taux de 5,80% sur la periode 2020-2027, emise pour le financement budgetaire.;ACD;N
CI0000003646;TPCI.O49;TPCI 5,90% 2020- 2030;Etat de Côte d'Ivoire;Obligation d'Etat;CI;Etat;XOF;6250;28176490000;17610306250;5.90;1;29/07/2020;29/07/2030;29/07/2023;Ba2;Moody's;false;;false;Obligation du Tresor Public de Cote d'Ivoire au taux de 5,90% sur la periode 2020-2030, emise pour le financement budgetaire.;ACD;N
CI0000003737;TPCI.O50;TPCI 5,90% 2020-2030;Etat de Côte d'Ivoire;Obligation d'Etat;CI;Etat;XOF;6250;43627390000;27267118750;5.90;1;28/08/2020;28/08/2030;28/08/2023;Ba2;Moody's;false;;false;Obligation du Tresor Public de Cote d'Ivoire au taux de 5,90% sur la periode 2020-2030, emise pour le financement budgetaire.;ACD;N
CI0000003836;TPCI.O51;TPCI 5,80% 2020-2027;Etat de Côte d'Ivoire;Obligation d'Etat;CI;Etat;XOF;4000;98905760000;39562304000;5.80;1;02/10/2020;02/10/2027;02/10/2023;Ba2;Moody's;false;;false;Obligation du Tresor Public de Cote d'Ivoire au taux de 5,80% sur la periode 2020-2027, emise pour le financement budgetaire.;ACD;N
CI0000003919;TPCI.O52;TPCI 5,90% 2020-2030;Etat de Côte d'Ivoire;Obligation d'Etat;CI;Etat;XOF;6250;54877880000;34298675000;5.90;1;28/10/2020;28/10/2030;28/10/2023;Ba2;Moody's;false;;false;Obligation du Tresor Public de Cote d'Ivoire au taux de 5,90% sur la periode 2020-2030, emise pour le financement budgetaire.;ACD;N
CI0000003901;TPCI.O53;TPCI 5,80% 2020-2027;Etat de Côte d'Ivoire;Obligation d'Etat;CI;Etat;XOF;4000;96793720000;38717488000;5.80;1;28/10/2020;28/10/2027;28/10/2023;Ba2;Moody's;false;;false;Obligation du Tresor Public de Cote d'Ivoire au taux de 5,80% sur la periode 2020-2027, emise pour le financement budgetaire.;ACD;N
CI0000003919;TPCI.O54;TPCI 5,90% 2020-2030;Etat de Côte d'Ivoire;Obligation d'Etat;CI;Etat;XOF;6250;50000000000;31250000000;5.90;1;28/10/2020;28/10/2030;28/10/2023;Ba2;Moody's;false;;false;Obligation du Tresor Public de Cote d'Ivoire au taux de 5,90% sur la periode 2020-2030, emise pour le financement budgetaire.;ACD;N
CI0000004057;TPCI.O55;TPCI 5,80% 2020 -2027;Etat de Côte d'Ivoire;Obligation d'Etat;CI;Etat;XOF;4000;81234080000;32493632000;5.80;1;25/12/2020;25/12/2027;24/12/2023;Ba2;Moody's;false;;false;Obligation du Tresor Public de Cote d'Ivoire au taux de 5,80% sur la periode 2020-2027, emise pour le financement budgetaire.;ACD;N
CI0000004065;TPCI.O56;TPCI 5,90% 2020- 2030;Etat de Côte d'Ivoire;Obligation d'Etat;CI;Etat;XOF;6250;41249020000;25780637500;5.90;1;25/12/2020;25/12/2030;25/12/2023;Ba2;Moody's;false;;false;Obligation du Tresor Public de Cote d'Ivoire au taux de 5,90% sur la periode 2020-2030, emise pour le financement budgetaire.;ACD;N
CI0000003968;TPCI.O57;TPCI 5,80% 2020-2027;Etat de Côte d'Ivoire;Obligation d'Etat;CI;Etat;XOF;4000;50950220000;20380088000;5.80;1;20/11/2020;20/11/2027;20/11/2023;Ba2;Moody's;false;;false;Obligation du Tresor Public de Cote d'Ivoire au taux de 5,80% sur la periode 2020-2027, emise pour le financement budgetaire.;ACD;N
CI0000004172;TPCI.O58;TPCI 5,80% 2021-2028;Etat de Côte d'Ivoire;Obligation d'Etat;CI;Etat;XOF;4000;1,12E+11;44820568000;5.80;1;09/03/2021;09/03/2028;09/03/2024;Ba2;Moody's;false;;false;Obligation du Tresor Public de Cote d'Ivoire au taux de 5,80% sur la periode 2021-2028, emise pour le financement budgetaire.;ACD;N
CI0000004180;TPCI.O59;TPCI 5,90% 2021-2031;Etat de Côte d'Ivoire;Obligation d'Etat;CI;Etat;XOF;6250;50422930000;31514331250;5.90;1;09/03/2021;09/03/2031;09/03/2024;Ba2;Moody's;false;;false;Obligation du Tresor Public de Cote d'Ivoire au taux de 5,90% sur la periode 2021-2031, emise pour le financement budgetaire.;ACD;N
CI0000004313;TPCI.O60;TPCI 5,80% 2021-2028;Etat de Côte d'Ivoire;Obligation d'Etat;CI;Etat;XOF;10000;1,10E+11;66000000000;5.80;1;13/05/2021;13/05/2028;13/05/2024;Ba2;Moody's;false;;false;Obligation du Tresor Public de Cote d'Ivoire au taux de 5,80% sur la periode 2021-2028, emise pour le financement budgetaire.;ACD;T
CI0000004321;TPCI.O61;TPCI 5,90% 2021-2031;Etat de Côte d'Ivoire;Obligation d'Etat;CI;Etat;XOF;10000;55000000000;41250000000;5.90;1;13/05/2021;13/05/2031;13/05/2024;Ba2;Moody's;false;;false;Obligation du Tresor Public de Cote d'Ivoire au taux de 5,90% sur la periode 2021-2031, emise pour le financement budgetaire.;ACD;T
"	CI0000004479";TPCI.O62;TPCI 5,80 % 2021 -2028;Etat de Côte d'Ivoire;Obligation d'Etat;CI;Etat;XOF;6000;1,43E+11;85800000000;5.80;1;30/06/2021;30/06/2028;30/06/2024;Ba2;Moody's;false;;false;Obligation du Tresor Public de Cote d'Ivoire au taux de 5,80% sur la periode 2021-2028, emise pour le financement budgetaire.;ACD;N
CI0000004487;TPCI.O63;TPCI 5,90% 2021 -2031;Etat de Côte d'Ivoire;Obligation d'Etat;CI;Etat;XOF;7500;22000000000;16500000000;5.90;1;30/06/2021;31/12/2031;30/06/2024;Ba2;Moody's;false;;false;Obligation du Tresor Public de Cote d'Ivoire au taux de 5,90% sur la periode 2021-2031, emise pour le financement budgetaire.;ACD;N
CI0000004719;TPCI.O64;TPCI 5,80 % 2021 - 2028;Etat de Côte d'Ivoire;Obligation d'Etat;CI;Etat;XOF;6000;55000000000;33000000000;5.80;1;16/08/2021;16/08/2028;16/08/2024;Ba2;Moody's;false;;false;Obligation du Tresor Public de Cote d'Ivoire au taux de 5,80% sur la periode 2021-2028, emise pour le financement budgetaire.;ACD;N
CI0000004834;TPCI.O65;TPCI 5,90 % 2021-2031;Etat de Côte d'Ivoire;Obligation d'Etat;CI;Etat;XOF;7500;1,17E+11;87750000000;5.90;1;11/10/2021;11/10/2031;11/10/2024;Ba2;Moody's;false;;false;Obligation du Tresor Public de Cote d'Ivoire au taux de 5,90% sur la periode 2021-2031, emise pour le financement budgetaire.;ACD;N
CI0000004891;TPCI.O66;TPCI 5,90% 2021-2031;Etat de Côte d'Ivoire;Obligation d'Etat;CI;Etat;XOF;7500;1,65E+11;1,24E+11;5.90;1;05/11/2021;05/11/2031;05/11/2024;Ba2;Moody's;false;;false;Obligation du Tresor Public de Cote d'Ivoire au taux de 5,90% sur la periode 2021-2031, emise pour le financement budgetaire.;ACD;N
CI0000004925;TPCI.O67;TPCI 5,90 % 2021-2036;Etat de Côte d'Ivoire;Obligation d'Etat;CI;Etat;XOF;10000;2,42E+11;2,42E+11;5.90;1;16/12/2021;16/12/2036;16/12/2026;Ba2;Moody's;false;;false;Obligation du Tresor Public de Cote d'Ivoire au taux de 5,90% sur la periode 2021-2036, emise pour le financement budgetaire.;ACD;T
CI0000004974;TPCI.O68;TPCI 5,90 % 2022-2037;Etat de Côte d'Ivoire;Obligation d'Etat;CI;Etat;XOF;10000;1,65E+11;1,65E+11;5.90;1;01/02/2022;01/02/2037;01/02/2027;Ba2;Moody's;false;;false;Obligation du Tresor Public de Cote d'Ivoire au taux de 5,90% sur la periode 2022-2037, emise pour le financement budgetaire.;ACD;T
CI0000005096;TPCI.O69;TPCI 5,75 % 2022-2037;Etat de Côte d'Ivoire;Obligation d'Etat;CI;Etat;XOF;10000;2,06E+11;2,06E+11;5.75;1;22/03/2022;22/03/2037;22/03/2027;Ba2;Moody's;false;;false;Obligation du Tresor Public de Cote d'Ivoire au taux de 5,75% sur la periode 2022-2037, emise pour le financement budgetaire.;ACD;T
CI0000005179;TPCI.O70;TPCI 5,75 % 2022-2037;Etat de Côte d'Ivoire;Obligation d'Etat;CI;Etat;XOF;10000;3,16E+11;3,16E+11;5.75;1;29/04/2022;29/04/2037;29/04/2027;Ba2;Moody's;false;;false;Obligation du Tresor Public de Cote d'Ivoire au taux de 5,75% sur la periode 2022-2037, emise pour le financement budgetaire.;ACD;
CI0000005310;TPCI.O71;TPCI 5,65% 2022-2032;Etat de Côte d'Ivoire;Obligation d'Etat;CI;Etat;XOF;10000;1,50E+11;1,31E+11;5.65;1;15/06/2022;15/06/2032;15/06/2025;Ba2;Moody's;false;;false;Obligation du Tresor Public de Cote d'Ivoire au taux de 5,65% sur la periode 2022-2032, emise pour le financement budgetaire.;ACD;T
CI0000005385;TPCI.O72;TPCI 5,65% 2022-2029;Etat de Côte d'Ivoire;Obligation d'Etat;CI;Etat;XOF;8000;82458890000;65967112000;5.65;1;29/07/2022;29/07/2029;29/07/2025;Ba2;Moody's;false;;false;Obligation du Tresor Public de Cote d'Ivoire au taux de 5,65% sur la periode 2022-2029, emise pour le financement budgetaire.;ACD;N
CI0000005393;TPCI.O73;TPCI 5,75% 2022-2032;Etat de Côte d'Ivoire;Obligation d'Etat;CI;Etat;XOF;8750;82092620000;71831042500;5.75;1;29/07/2022;29/07/2032;29/07/2025;Ba2;Moody's;false;;false;Obligation du Tresor Public de Cote d'Ivoire au taux de 5,75% sur la periode 2022-2032, emise pour le financement budgetaire.;ACD;N
CI0000005401;TPCI.O74;TPCI 5,85% 2022-2042;Etat de Côte d'Ivoire;Obligation d'Etat;CI;Etat;XOF;8947;55000000000;49210526315.7895;5.85;1;29/07/2022;29/07/2042;29/07/2024;Ba2;Moody's;false;;false;Obligation du Tresor Public de Cote d'Ivoire au taux de 5,85% sur la periode 2022-2042, emise pour le financement budgetaire.;ACD;N
CI0000005641;TPCI.O75;TPCI 5,65% 2022-2029;Etat de Côte d'Ivoire;Obligation d'Etat;CI;Etat;XOF;10000;1,98E+11;1,58E+11;5.65;1;07/10/2022;07/10/2029;07/10/2025;Ba2;Moody's;false;;false;Obligation du Tresor Public de Cote d'Ivoire au taux de 5,65% sur la periode 2022-2029, emise pour le financement budgetaire.;ACD;T
CI0000005658;TPCI.O76;TPCI 5,75% 2022-2032;Etat de Côte d'Ivoire;Obligation d'Etat;CI;Etat;XOF;10000;67944000000;47560800000;5.75;1;07/10/2022;31/12/2032;07/10/2023;Ba2;Moody's;false;;false;Obligation du Tresor Public de Cote d'Ivoire au taux de 5,75% sur la periode 2022-2032, emise pour le financement budgetaire.;ACD;T
CI0000005674;TPCI.O77;TPCI (TAUX DE BASE + SPREAD) %2022-2029;Etat de Côte d'Ivoire;Obligation d'Etat;CI;Etat;XOF;10000;3,50E+11;3,50E+11;6.98;4;11/11/2022;11/11/2029;11/02/2028;Ba2;Moody's;false;;false;Obligation du Tresor Public de Cote d'Ivoire au taux de 6,98% sur la periode 2022-2029, emise pour le financement budgetaire.;ACD;T
CI0000005880;TPCI.O78;TPCI 5,65% 2022-2029;Etat de Côte d'Ivoire;Obligation d'Etat;CI;Etat;XOF;10000;1,08E+11;86362400000;5.65;1;13/12/2022;13/12/2029;13/12/2025;Ba2;Moody's;false;;false;Obligation du Tresor Public de Cote d'Ivoire au taux de 5,65% sur la periode 2022-2029, emise pour le financement budgetaire.;ACD;T
CI0000006235;TPCI.O79;TPCI 5,75% 2023-2030;Etat de Côte d'Ivoire;Obligation d'Etat;CI;Etat;XOF;8000;1,22E+11;60893615000;5.75;1;28/02/2023;28/02/2030;28/02/2023;Ba2;Moody's;false;;false;Obligation du Tresor Public de Cote d'Ivoire au taux de 5,75% sur la periode 2023-2030, emise pour le financement budgetaire.;ACD;N
CI0000006383;TPCI.O80;TPCI 6% 2023-2030;Etat de Côte d'Ivoire;Obligation d'Etat;CI;Etat;XOF;10000;21857170000;21857170000;6.00;1;17/05/2023;17/05/2030;17/05/2026;Ba2;Moody's;false;;false;Obligation du Tresor Public de Cote d'Ivoire au taux de 6,00% sur la periode 2023-2030, emise pour le financement budgetaire.;ACD;T
CI0000006680;TPCI.O81;TPCI 5,90% 2023-2028;Etat de Côte d'Ivoire;Obligation d'Etat;CI;Etat;XOF;10000;43822710000;43822710000;5.90;1;31/07/2023;31/07/2028;31/07/2026;Ba2;Moody's;false;;false;Obligation du Tresor Public de Cote d'Ivoire au taux de 5,90% sur la periode 2023-2028, emise pour le financement budgetaire.;ACD;N
"	CI0000006698";TPCI.O82;TPCI 6,00% 2023-2030;Etat de Côte d'Ivoire;Obligation d'Etat;CI;Etat;XOF;10000;80804000000;80804000000;6.00;1;31/07/2023;31/07/2030;31/07/2026;Ba2;Moody's;false;;false;Obligation du Tresor Public de Cote d'Ivoire au taux de 6,00% sur la periode 2023-2030, emise pour le financement budgetaire.;ACD;
CI0000006904;TPCI.O83;TPCI 5,90 % 2023-2028;Etat de Côte d'Ivoire;Obligation d'Etat;CI;Etat;XOF;10000;42213000000;42213000000;5.90;1;12/10/2023;12/10/2028;12/10/2026;Ba2;Moody's;false;;false;Obligation du Tresor Public de Cote d'Ivoire au taux de 5,90% sur la periode 2023-2028, emise pour le financement budgetaire.;ACD;
CI0000006912;TPCI.O84;TPCI 6,00 % 2023-2030;Etat de Côte d'Ivoire;Obligation d'Etat;CI;Etat;XOF;10000;76792000000;76792000000;6.00;1;12/10/2023;12/10/2030;12/10/2026;Ba2;Moody's;false;;false;Obligation du Tresor Public de Cote d'Ivoire au taux de 6,00% sur la periode 2023-2030, emise pour le financement budgetaire.;ACD;
CI0000007142;TPCI.O85;TPCI 5,90 % 2023 - 2028;Etat de Côte d'Ivoire;Obligation d'Etat;CI;Etat;XOF;10000;74364000000;74364000000;5.90;1;14/12/2023;14/12/2028;14/12/2026;Ba2;Moody's;false;;false;Obligation du Tresor Public de Cote d'Ivoire au taux de 5,90% sur la periode 2023-2028, emise pour le financement budgetaire.;ACD;
CI0000007159;TPCI.O86;TPCI 6,00 % 2023 - 2030;Etat de Côte d'Ivoire;Obligation d'Etat;CI;Etat;XOF;10000;49697800000;49697800000;6.00;1;14/12/2023;14/12/2030;14/12/2026;Ba2;Moody's;false;;false;Obligation du Tresor Public de Cote d'Ivoire au taux de 6,00% sur la periode 2023-2030, emise pour le financement budgetaire.;ACD;N
CI0000007357;TPCI.O87;TPCI 5,90% 2024-2029;Etat de Côte d'Ivoire;Obligation d'Etat;CI;Etat;XOF;10000;77110970000;77110970000;5.90;1;25/03/2023;25/03/2029;25/03/2027;Ba2;Moody's;false;;false;Obligation du Tresor Public de Cote d'Ivoire au taux de 5,90% sur la periode 2024-2029, emise pour le financement budgetaire.;ACD;T
CI0000007365;TPCI.O88;TPCI 6,00% 2024-2031;Etat de Côte d'Ivoire;Obligation d'Etat;CI;Etat;XOF;10000;77000000000;77000000000;6.00;1;25/03/2024;25/03/2031;25/03/2027;Ba2;Moody's;false;;false;Obligation du Tresor Public de Cote d'Ivoire au taux de 6,00% sur la periode 2024-2031, emise pour le financement budgetaire.;ACD;T
CI0000007696;TPCI.O89;TPCI 5,90% 2024-2029;Etat de Côte d'Ivoire;Obligation d'Etat;CI;Etat;XOF;10000;1,02E+11;1,02E+11;5.90;1;19/07/2024;19/07/2029;19/07/2027;Ba2;Moody's;false;;false;Obligation du Tresor Public de Cote d'Ivoire au taux de 5,90% sur la periode 2024-2029, emise pour le financement budgetaire.;ACD;T
CI0000007704;TPCI.O90;TPCI 6,00% 2024-2031;Etat de Côte d'Ivoire;Obligation d'Etat;CI;Etat;XOF;10000;77442600000;77442600000;6.00;1;19/07/2024;31/12/2031;19/07/2027;Ba2;Moody's;false;;false;Obligation du Tresor Public de Cote d'Ivoire au taux de 6,00% sur la periode 2024-2031, emise pour le financement budgetaire.;ACD;T
CI0000007878;TPCI.O91;TPCI 5,90% 2024-2029;Etat de Côte d'Ivoire;Obligation d'Etat;CI;Etat;XOF;10000;67552590000;67552590000;5.90;1;26/08/2024;26/08/2029;26/08/2027;Ba2;Moody's;false;;false;Obligation du Tresor Public de Cote d'Ivoire au taux de 5,90% sur la periode 2024-2029, emise pour le financement budgetaire.;ACD;N
CI0000007886;TPCI.O92;TPCI 6,00% 2024-2031;Etat de Côte d'Ivoire;Obligation d'Etat;CI;Etat;XOF;10000;69148020000;69148020000;6.00;1;26/08/2024;31/12/2031;26/08/2027;Ba2;Moody's;false;;false;Obligation du Tresor Public de Cote d'Ivoire au taux de 6,00% sur la periode 2024-2031, emise pour le financement budgetaire.;ACD;N
CI0000008397;TPCI.O93;TPCI 5,90% 2024-2029;Etat de Côte d'Ivoire;Obligation d'Etat;CI;Etat;XOF;10000;16758050000;16758050000;5.90;1;19/11/2024;19/11/2029;19/11/2027;Ba2;Moody's;false;;false;Obligation du Tresor Public de Cote d'Ivoire au taux de 5,90% sur la periode 2024-2029, emise pour le financement budgetaire.;ACD;T
CI0000008405;TPCI.O94;TPCI 6,00% 2024-2031;Etat de Côte d'Ivoire;Obligation d'Etat;CI;Etat;XOF;10000;29925440000;29925440000;6.00;1;19/11/2024;19/11/2031;19/11/2027;Ba2;Moody's;false;;false;Obligation du Tresor Public de Cote d'Ivoire au taux de 6,00% sur la periode 2024-2031, emise pour le financement budgetaire.;ACD;T
CI0000008868;TPCI.O95;TPCI 5,90% 2025-2030;Etat de Côte d'Ivoire;Obligation d'Etat;CI;Etat;XOF;10000;2,39E+11;2,39E+11;5.90;1;06/03/2025;06/03/2030;06/03/2028;Ba2;Moody's;false;;false;Obligation du Tresor Public de Cote d'Ivoire au taux de 5,90% sur la periode 2025-2030, emise pour le financement budgetaire.;ACD;N
CI0000008876;TPCI.O96;TPCI 6,00% 2025-2032;Etat de Côte d'Ivoire;Obligation d'Etat;CI;Etat;XOF;10000;2,20E+11;2,20E+11;6.00;1;06/03/2025;06/03/2032;06/03/2028;Ba2;Moody's;false;;false;Obligation du Tresor Public de Cote d'Ivoire au taux de 6,00% sur la periode 2025-2032, emise pour le financement budgetaire.;ACD;N
CI0000009437;TPCI.O97;TPCI 5,90% 2025-2030;Etat de Côte d'Ivoire;Obligation d'Etat;CI;Etat;XOF;10000;2,18E+11;2,18E+11;5.90;1;05/08/2025;05/08/2030;05/08/2028;Ba2;Moody's;false;;false;Obligation du Tresor Public de Cote d'Ivoire au taux de 5,90% sur la periode 2025-2030, emise pour le financement budgetaire.;ACD;N
CI0000009445;TPCI.O98;TPCI 6,00% 2025-2032;Etat de Côte d'Ivoire;Obligation d'Etat;CI;Etat;XOF;10000;1,55E+11;1,55E+11;6.00;1;05/08/2025;05/08/2032;05/08/2028;Ba2;Moody's;false;;false;Obligation du Tresor Public de Cote d'Ivoire au taux de 6,00% sur la periode 2025-2032, emise pour le financement budgetaire.;ACD;N
"	CI0000002164";TPCI.O99;TPCI 5,60% 2025-2030;Etat de Côte d'Ivoire;Obligation d'Etat;CI;Etat;XOF;10000;93559000000;93559000000;5.60;1;18/12/2025;18/12/2030;18/12/2028;Ba2;Moody's;false;;false;Obligation du Tresor Public de Cote d'Ivoire au taux de 5,60% sur la periode 2025-2030, emise pour le financement budgetaire.;ACD;
NE0000002417;TPNE.O10;TRESOR PUBLIC DU NIGER 6,60 %2025-2030;Etat du Niger;Obligation d'Etat;NE;Etat;XOF;10000;4227000000;4227000000;6.60;1;21/02/2025;21/02/2030;21/02/2028;Caa3;Moody's;false;;false;Obligation du Tresor Public du Niger au taux de 6,60% sur la periode 2025-2030, emise pour le financement budgetaire.;ACD;
NE0000000940;TPNE.O2;TRESOR PUBLIC DU NIGER 6,50%2019 - 2026;Etat du Niger;Obligation d'Etat;NE;Etat;XOF;10000;41500000000;8300000000;6.50;1;01/08/2019;01/08/2026;01/08/2022;Caa3;Moody's;false;;false;Obligation du Tresor Public du Niger au taux de 6,50% sur la periode 2019-2026, emise pour le financement budgetaire.;ACD;T
NE0000001088;TPNE.O3;TRESOR PUBLIC DU NIGER 6,5%2020-2027;Etat du Niger;Obligation d'Etat;NE;Etat;XOF;4000;1,26E+11;50208000000;6.50;1;31/07/2020;31/07/2027;31/07/2023;Caa3;Moody's;false;;false;Obligation du Tresor Public du Niger au taux de 6,50% sur la periode 2020-2027, emise pour le financement budgetaire.;ACD;N
NE0000001344;TPNE.O4;TRESOR PUBLIC DU NIGER 6,30% 2021-2031;Etat du Niger;Obligation d'Etat;NE;Etat;XOF;7500;1,65E+11;1,24E+11;6.30;1;24/08/2021;24/08/2031;24/08/2024;Caa3;Moody's;false;;false;Obligation du Tresor Public du Niger au taux de 6,30% sur la periode , emise pour le financement budgetaire.;ACD;N
NE0000001492;TPNE.O5;TPNE 6,15 % 2022-2034;Etat du Niger;Obligation d'Etat;NE;Etat;XOF;10000;1,10E+11;99000000000;6.15;1;03/06/2022;03/06/2034;03/06/2025;Caa3;Moody's;false;;false;Obligation du Tresor Public du Niger au taux de 6,15% sur la periode 2022-2034, emise pour le financement budgetaire.;ACD;T
NE0000001625;TPNE.O6;TRESOR PUBLIC DU NIGER 6,15% 2022 - 2034;Etat du Niger;Obligation d'Etat;NE;Etat;XOF;9000;55000000000;49500000000;6.15;1;14/12/2022;14/12/2034;14/12/2025;Caa3;Moody's;false;;false;Obligation du Tresor Public du Niger au taux de 6,15% sur la periode 2022-2034, emise pour le financement budgetaire.;ACD;N
NE0000001914;TPNE.O7;TRESOR PUBLIC DU NIGER 6,25 % 2023-2028;Etat du Niger;Obligation d'Etat;NE;Etat;XOF;7500;23200000000;17400000000;6.25;1;23/06/2023;23/06/2028;23/06/2025;Caa3;Moody's;false;;false;Obligation du Tresor Public du Niger au taux de 6,25% sur la periode 2023-2028, emise pour le financement budgetaire.;ACD;N
NE0000002326;TPNE.O8;TRESOR PUBLIC DU NIGER 6,60% 2025-2030;Etat du Niger;Obligation d'Etat;NE;Etat;XOF;10000;85042180000;85042180000;6.60;1;07/01/2025;07/01/2030;07/01/2028;Caa3;Moody's;false;;false;Obligation du Tresor Public du Niger au taux de 6,60% sur la periode 2025-2030, emise pour le financement budgetaire.;ACD;N
NE0000002334;TPNE.O9;TRESOR PUBLIC DU NIGER 6,90% 2025-2032;Etat du Niger;Obligation d'Etat;NE;Etat;XOF;10000;10079800000;10079800000;6.90;1;07/01/2025;07/01/2032;07/01/2028;Caa3;Moody's;false;;false;Obligation du Tresor Public du Niger au taux de 6,90% sur la periode 2025-2032, emise pour le financement budgetaire.;ACD;N
TG0000001890;TPTG.O2;TPTG 6% 2022-2037;Etat du Togo;Obligation d'Etat;TG;Etat;XOF;10000;1,58E+11;1,58E+11;6.00;1;16/11/2022;16/11/2037;16/11/2028;B3;Moody's;false;;false;Obligation du Tresor Public du Togo au taux de 6,00% sur la periode 2022-2037, emise pour le financement budgetaire.;ACD;T
TG0000003235;TPTG.O3;TPTG 6,45% 2025-2030;Etat du Togo;Obligation d'Etat;TG;Etat;XOF;10000;58816950000;58816950000;6.45;1;06/03/2025;06/03/2030;06/03/2027;B3;Moody's;false;;false;Obligation du Tresor Public du Togo au taux de 6,45% sur la periode 2025-2030, emise pour le financement budgetaire.;ACD;N
TG0000003243;TPTG.O4;TPTG 6,60% 2025-2032;Etat du Togo;Obligation d'Etat;TG;Etat;XOF;10000;43952990000;43952990000;6.60;1;06/03/2025;06/03/2032;06/03/2028;B3;Moody's;false;;false;Obligation du Tresor Public du Togo au taux de 6,60% sur la periode 2025-2032, emise pour le financement budgetaire.;ACD;N
TG0000000934;BIDC.O4;BIDC-EBID 6.10% 2017-2027;BIDC-EBID;Obligation régionale;CEDEAO;Banque de developpement;XOF;2500;26000000000;6500000000;6.10;1;16/06/2017;16/06/2027;16/06/2020;B2;Moody's;false;;false;Obligation regionale emise par BIDC-EBID au taux de 6,10% sur la periode 2017-2027, destinee au financement du developpement dans l'espace CEDEAO.;ACD;N
TG0000001304;BIDC.O5;BIDC-EBID 6,40% 2019-2026;BIDC-EBID;Obligation régionale;CEDEAO;Banque de developpement;XOF;10000;45000000000;3750000000;6.40;2;12/07/2019;12/07/2026;12/01/2021;B2;Moody's;false;;false;Obligation regionale emise par BIDC-EBID au taux de 6,40% sur la periode 2019-2026, destinee au financement du developpement dans l'espace CEDEAO.;ACD;T
TG0000001585;BIDC.O6;BIDC-EBID 6,50 % 2021-2028;BIDC-EBID;Obligation régionale;CEDEAO;Banque de developpement;XOF;4000;50000000000;25000000000;6.50;2;18/05/2021;18/05/2028;18/11/2023;B2;Moody's;false;;false;Obligation regionale emise par BIDC-EBID au taux de 6,50% sur la periode 2021-2028, destinee au financement du developpement dans l'espace CEDEAO.;ACD;N
TG0000001833;BIDC.O7;BIDC-EBID 5,90% 2022-2029;BIDC-EBID;Obligation régionale;CEDEAO;Banque de developpement;XOF;7000;1,20E+11;84000000000;5.90;2;09/06/2022;09/06/2029;09/12/2024;B2;Moody's;false;;false;Obligation regionale emise par BIDC-EBID au taux de 5,90% sur la periode 2022-2029, destinee au financement du developpement dans l'espace CEDEAO.;ACD;N
TG0000002070;CRRH.O10;CRRH-UEMOA 6,10% 2022-2037;CRRH-UEMOA;Obligation régionale;UEMOA;Banque de developpement;XOF;10000;36000000000;28285714285.7143;6.10;2;03/02/2023;03/02/2037;03/08/2023;AAA / Ba2;Bloomfield / Moody's;false;;false;Obligation regionale emise par CRRH-UEMOA au taux de 6,10% sur la periode 2022-2037, destinee au financement du developpement dans l'espace UEMOA.;AC;T
TG0000000801;CRRH.O6;CRRH-UEMOA 5.85% 2016-2026;CRRH-UEMOA;Obligation régionale;UEMOA;Banque de developpement;XOF;10000;21373860000;2137386000;5.85;2;03/01/2017;03/01/2027;03/07/2017;AAA / Ba2;Bloomfield / Moody's;false;;false;Obligation regionale emise par CRRH-UEMOA au taux de 5,85% sur la periode 2016-2026, destinee au financement du developpement dans l'espace UEMOA.;ACD;T
TG0000000991;CRRH.O7;CRRH-UEMOA 5.95% 2017-2029;CRRH-UEMOA;Obligation régionale;UEMOA;Banque de developpement;XOF;2917;25126140000;8375380000;5.95;2;17/05/2017;17/11/2029;17/05/2018;AAA / Ba2;Bloomfield / Moody's;false;;false;Obligation regionale emise par CRRH-UEMOA au taux de 5,95% sur la periode 2017-2029, destinee au financement du developpement dans l'espace UEMOA.;AC;N
TG0000001213;CRRH.O8;CRRH-UEMOA 5.95% 2018-2030;CRRH-UEMOA;Obligation régionale;UEMOA;Banque de developpement;XOF;4167;21300000000;8875000000;5.95;2;21/12/2018;21/12/2030;21/06/2019;AAA / Ba2;Bloomfield / Moody's;false;;false;Obligation regionale emise par CRRH-UEMOA au taux de 5,95% sur la periode 2018-2030, destinee au financement du developpement dans l'espace UEMOA.;AC;N
TG0000001221;CRRH.O9;CRRH-UEMOA 6.05% 2018-2033;CRRH-UEMOA;Obligation régionale;UEMOA;Banque de developpement;XOF;5333;8900000000;4746666666.66667;6.05;2;21/12/2018;21/12/2033;21/06/2019;AAA / Ba2;Bloomfield / Moody's;false;;false;Obligation regionale emise par CRRH-UEMOA au taux de 6,05% sur la periode 2018-2033, destinee au financement du developpement dans l'espace UEMOA.;AC;N
BF0000002857;FDFINBF.O1;FIDELIS FINANCE CAP25 7,00%2023-2028;Fidelis Finance;Obligation privée;BF;Finance;XOF;7500;15000000000;11250000000;7.00;2;20/11/2023;20/11/2028;20/05/2025;A;Bloomfield;false;;false;Obligation corporate emise par Fidelis Finance (Finance) au taux de 7,00% sur la periode 2023-2028.;ACD;N
BF0000003574;FDFINBF.O2;FIDELIS FINANCE PME ELANCROISSANCE UMOA 7% 2025-2030;Fidelis Finance;Obligation privée;BF;Finance;XOF;10000;7000000000;5600000000;7.00;2;05/02/2025;05/02/2030;05/08/2025;A;Bloomfield;false;;false;Obligation corporate emise par Fidelis Finance (Finance) au taux de 7,00% sur la periode 2025-2030.;ACD;N
CI0000008884;NRMC.O1;NOURMONY HOLDING 7,25% 2024-2029;Nourmony Holding;Obligation privée;CI;Holding;XOF;10000;20000000000;15555555555.5556;7.25;2;26/02/2025;31/12/2029;26/08/2025;NR;Non noté;false;;false;Obligation corporate emise par Nourmony Holding (Holding) au taux de 7,25% sur la periode 2024-2029.;ACD;N
TG0000001726;ORGT.O2;ORAGROUP SA 7,15% 2021-2028;Oragroup SA;Obligation privée;TG;Banque;XOF;5000;50000000000;25000000000;7.15;2;26/10/2021;26/10/2028;26/04/2024;A;Bloomfield;false;;false;Obligation corporate emise par Oragroup SA (Banque) au taux de 7,15% sur la periode 2021-2028.;ACD;N
SN0000001454;PADS.O3;PAD 6,60% 2020-2027;Port Autonome de Dakar;Obligation privée;SN;Transport;XOF;3000;60000000000;18000000000;6.60;2;19/10/2020;19/10/2027;19/04/2023;BBB-(WU);GCR;false;;false;Obligation corporate emise par Port Autonome de Dakar (Transport) au taux de 6,60% sur la periode 2020-2027.;ACD;N
CI0000005948;PTRC.O1;PETRO IVOIRE 6,80% 2022-2029;Petro Ivoire;Obligation privée;CI;Energie;XOF;10000;29448400000;23558720000;6.80;2;15/12/2022;15/12/2029;15/06/2025;A+;Bloomfield;false;;false;Obligation corporate emise par Petro Ivoire (Energie) au taux de 6,80% sur la periode 2022-2029.;ACD;T
SN0000001371;SNTS.O2;SONATEL 6,50% 2020-2027;Sonatel;Obligation privée;SN;Telecom;XOF;3000;1,00E+11;30000000000;6.50;2;16/07/2020;16/07/2027;16/01/2023;AAA(wu);GCR;false;;false;Obligation corporate emise par Sonatel (Telecom) au taux de 6,50% sur la periode 2020-2027.;ACD;N
TG0000003011;BIDC.O8;BIDC-EBID GSS BOND 6,50% 2024-2031;BIDC-EBID;Obligation régionale;CEDEAO;Banque de developpement;XOF;10000;70000000000;70000000000;6.50;2;29/07/2024;29/07/2031;29/01/2027;B2;Moody's;false;;true;Obligation thematique GSS (Green, Social & Sustainability) emise par BIDC-EBID au taux de 6,50% sur la periode 2024-2031, financant des projets a impact environnemental et social.;ACD;N
"	TG0000003326";CRRH.O11;SOCIAL BOND CRRH-UEMOA 6,00%2025-2040;CRRH-UEMOA;Obligation régionale;UEMOA;Banque de developpement;XOF;10000;60000000000;60000000000;6.00;2;04/06/2025;04/06/2040;04/12/2026;AAA / Ba2;Bloomfield / Moody's;false;;true;Obligation sociale emise par CRRH-UEMOA au taux de 6,00% sur la periode 2025-2040, dediee au financement du logement abordable dans l'UEMOA.;ACD;
SN0000003484;BABS.O1;GSS BAOBAB 6,80% 2024-2029;Baobab;Obligation privée;CI;Finance;XOF;10000;20000000000;17500000000;6.80;2;24/10/2024;24/10/2029;24/04/2026;BBB+;WARA;false;;true;Obligation thematique GSS (Green, Social & Sustainability) emise par Baobab au taux de 6,80% sur la periode 2024-2029, financant des projets a impact environnemental et social.;ACD;T
CI0000008439;ECOC.O1;GENDER BOND ECOBANK CI 6,50%2024-2029;Ecobank Côte d'Ivoire;Obligation privée;CI;Banque;XOF;10000;10000000000;10000000000;6.50;1;12/03/2025;12/03/2029;12/03/2028;AA;Bloomfield;false;;true;Obligation thematique Gender Bond emise par Ecobank Cote d'Ivoire au taux de 6,50% sur la periode 2024-2029, dediee au financement de l'entrepreneuriat feminin.;ACD;N
CI0000007191;FEPTC.O1;FCTC EPT 7 % 2023-2030;FCTC EPT;Obligation privée;CI;Titrisation;XOF;7917;25000000000;16964285714.2857;7.00;4;27/11/2023;27/11/2030;27/02/2024;AA(WU)(SF);GCR;false;;false;Obligation de titrisation (FCTC) adossee a un portefeuille de creances de FCTC EPT, au taux de 7,25% sur la periode .;ACD;N
CI0000007183;FEPTC.O2;FCTC EPT 7,25 % 2023-2033;FCTC EPT;Obligation privée;CI;Titrisation;XOF;9688;15000000000;11625000000;7.25;4;27/11/2023;27/11/2033;27/02/2024;AA(WU)(SF);GCR;false;;false;Obligation de titrisation (FCTC) adossee a un portefeuille de creances de FCTC EPT, au taux de 7,50% sur la periode 2023-2033.;ACD;N
CI0000007175;FEPTC.O3;FCTC EPT 7,50% 2023-2038;FCTC EPT;Obligation privée;CI;Titrisation;XOF;9808;20000000000;17000000000;7.50;4;27/11/2023;27/11/2038;27/02/2024;AA(WU)(SF);GCR;false;;false;Obligation de titrisation (FCTC) adossee a un portefeuille de creances de FCTC EPT, au taux de 6,10% sur la periode 2023-2038.;ACD;N
TG0000002237;FBOAD.O1;FCTC BOAD DOLI-P 6,10% 2023-2030;FCTC BOAD;Obligation privée;UEMOA;Banque de developpement;XOF;4600;1,35E+11;90090000000;6.10;2;20/03/2023;20/03/2030;20/09/2024;NC;Non noté;false;;false;Obligation de titrisation (FCTC) adossee a un portefeuille de creances de FCTC BOAD, au taux de 6,10% sur la periode 2023-2030.;AC;N
TG0000003128;FBOAD.O2;FCTC BOAD DOLI-P 9,50% 2024-2029;FCTC BOAD;Obligation privée;UEMOA;Banque de developpement;XOF;7000;28750000000;23000000000;9.50;2;20/11/2024;20/11/2029;20/05/2025;NC;Non noté;false;;false;Obligation de titrisation (FCTC) adossee a un portefeuille de creances de FCTC BOAD, au taux de 9,50% sur la periode 2024-2029.;AC;N
SN0000003310;FCAS.O1;FCTC CROISSANCE ATLANTIQUE6,20% 2024-2029;FCTC Croissance Atlantique;Obligation privée;CI;Titrisation;XOF;6844;91000000000;59150000000;6.20;4;06/07/2024;06/07/2029;06/10/2024;NC;Non noté;false;;false;Obligation de titrisation (FCTC) adossee a un portefeuille de creances de FCTC Croissance Atlantique, au taux de 6,20% sur la periode 2024-2029.;AC;N
BJ0000002614;FNSBB.O1;FCTC KEUR SAMBA NSIA BANQUE7% 2025-2030;FCTC Keur Samba NSIA Banque;Obligation privée;BJ;Banque;XOF;8800;34000000000;30600000000;7.00;2;20/06/2025;20/06/2030;20/12/2025;NC;Non noté;false;;false;Obligation de titrisation (FCTC) adossee a un portefeuille de creances de FCTC Keur Samba NSIA Banque, au taux de 9,00% sur la periode 2025-2030.;AC;N
BJ0000002598;FNSBB.O2;FCTC KEUR SAMBA NSIA BANQUE9% 2025-2030;FCTC Keur Samba NSIA Banque;Obligation privée;BJ;Banque;XOF;8800;10000000000;9000000000;9.00;2;20/06/2025;20/06/2030;20/12/2025;NC;Non noté;false;;false;Obligation de titrisation (FCTC) adossee a un portefeuille de creances de FCTC Keur Samba NSIA Banque, au taux de 7,00% sur la periode 2025-2030.;AC;N
CI0000009254;FNSBC.O2;FCTC KEUR SAMBA NSIA BANQUE CI7% 2025-2030;FCTC Keur Samba NSIA Banque CI;Obligation privée;CI;Banque;XOF;8095;5400000000;4320000000;7.00;4;20/03/2025;20/03/2030;20/06/2025;NC;Non noté;false;;false;Obligation de titrisation (FCTC) adossee a un portefeuille de creances de FCTC Keur Samba NSIA Banque CI, au taux de 7,00% sur la periode 2025-2030.;AC;N
CI0000009262;FORBC.O1;FCTC KEUR SAMBA ORABANK CI 7%2025-2030;FCTC Keur Samba Orabank CI;Obligation privée;CI;Banque;XOF;8095;7250000000;5800000000;7.00;4;20/03/2025;20/03/2030;20/06/2025;NC;Non noté;false;;false;Obligation de titrisation (FCTC) adossee a un portefeuille de creances de FCTC Keur Samba Orabank CI, au taux de 7,00% sur la periode 2025-2030.;AC;N
CI0000005005;FORBT.O1;FCTC ORABANK 7 % 2021-2026;FCTC Orabank;Obligation privée;TG;Banque;XOF;1667;25000000000;4166666666.66667;6.86;4;28/12/2021;28/12/2026;28/09/2022;tAAA;WARA;false;;false;Obligation de titrisation (FCTC) adossee a un portefeuille de creances de FCTC Orabank, au taux de 8,10% sur la periode 2021-2026.;ACD;N
BF0000004135;FSNBBF.O1;FCTC SONABHY 8,10 % 2025-2031;FCTC SONABHY;Obligation privée;BF;Energie;XOF;10000;34344580000;34344580000;7.61;2;26/09/2025;26/09/2031;26/03/2027;NC;Non noté;false;;false;Obligation de titrisation (FCTC) adossee a un portefeuille de creances de FCTC SONABHY, au taux de 6,40% sur la periode 2025-2031.;ACD;N
SN0000002965;FSNTS.O1;FCTC SONATEL C-1 6,40 % 2023-2029;FCTC Sonatel;Obligation privée;SN;Telecom;XOF;10000;60000000000;36000000000;6.02;2;19/01/2024;19/01/2029;19/07/2024;NC;Non noté;false;;false;Obligation de titrisation (FCTC) adossee a un portefeuille de creances de FCTC Sonatel, au taux de 6,60% sur la periode .;AC;N
SN0000002973;FSNTS.O2;FCTC SONATEL C-2 6,60 % 2023-2031;FCTC Sonatel;Obligation privée;SN;Telecom;XOF;10000;15000000000;10714285714.2857;6.20;2;19/01/2024;19/01/2031;19/07/2024;NC;Non noté;false;;false;Obligation de titrisation (FCTC) adossee a un portefeuille de creances de FCTC Sonatel, au taux de 7,00% sur la periode .;AC;T
CI0000004701;FTIMC.O1;FCTC TEYLIOM IMMO 7 % 2021-2028;FCTC Teyliom Immo;Obligation privée;CI;Immobilier;XOF;3750;20000000000;7500000000;6.86;4;08/06/2021;08/06/2028;08/09/2022;CCC+(WU)(SF);GCR;false;;false;Obligation de titrisation (FCTC) adossee a un portefeuille de creances de FCTC Teyliom Immo, au taux de 6,00% sur la periode 2021-2028.;ACD;N
SN0000000985;SUKSN.S2;SUKUK SN 6% 2016-2026;Etat du Sénégal;Sukuk Etat;SN;Etat;XOF;10000;2,00E+11;12500000000;6.00;2;26/07/2016;26/07/2026;26/01/2019;Caa1;Moody's;false;;false;Sukuk souverain emis par Etat du Senegal au taux de 6,05% sur la periode 2016-2026, instrument de financement conforme a la finance islamique.;ACD;T
TG0000000744;SUKTG.S1;SUKUK TG 6.5% 2016-2026;Etat du Togo;Sukuk Etat;TG;Etat;XOF;10000;1,56E+11;9750000000;6.50;2;17/08/2016;17/08/2026;17/02/2019;B3;Moody's;false;;false;Sukuk souverain emis par Etat du Togo au taux de 6,50% sur la periode 2016-2026, instrument de financement conforme a la finance islamique.;ACD;T
CI0000008637;SCRC.O1;SUCRIVOIRE SA 8,55 % 2024-2031;Sucrivoire SA;Obligation privée;CI;Agro-industrie;XOF;10000;36000000000;36000000000;8.55;1;15/04/2025;15/04/2032;15/04/2029;BB+(WU);GCR;true;15/04/2028;false;Obligation convertible en actions emise par Sucrivoire SA (Agro-industrie) au taux de 8,55% sur la periode 2024-2031, option de conversion exercable a partir de la 3eme annee.;ACD;N
SN0000004243;FCAGS.O1;FCTC CROISSANCE AGRICOLE 8%2025-2032;FCTC Croissance Agricole;Obligation privée;CI;Titrisation;XOF;9286;60000000000;55714285714.2857;7.52;2;31/10/2025;31/10/2032;30/04/2026;NC;Non noté;false;;false;Obligation de titrisation (FCTC) adossee a un portefeuille de creances de FCTC Croissance Agricole, au taux de 8,00% sur la periode 2025-2032.;AC;N
SN0000004250;FCAGS.O2;FCTC CROISSANCE AGRICOLE 9%2025-2032;FCTC Croissance Agricole;Obligation privée;CI;Titrisation;XOF;9286;20000000000;18571428571.4286;8.46;2;31/10/2025;31/10/2032;30/04/2026;NC;Non noté;false;;false;Obligation de titrisation (FCTC) adossee a un portefeuille de creances de FCTC Croissance Agricole, au taux de 9,00% sur la periode 2025-2032.;AC;N
CI0000009635;FNSBC.O3;FCTC NSIA BANQUE CI 7,50% 2025-2030;FCTC NSIA Banque CI;Obligation privée;CI;Banque;XOF;9444;29000000000;27388888888.8889;7.28;4;08/08/2025;08/08/2030;08/05/2026;NC;Non noté;false;;false;Obligation de titrisation (FCTC) adossee a un portefeuille de creances de FCTC NSIA Banque CI, au taux de 7,50% sur la periode 2025-2030.;ACD;T
TG0000003367;FNSBC.O4;FCTC ZAKA RMBS NSIA BANQUE CI7,00% 2025-2036;FCTC ZAKA RMBS NSIA Banque CI;Obligation privée;CI;Banque;XOF;9565;7250000000;6934782608.69565;7.00;2;20/12/2025;20/12/2036;20/12/2025;NC;Non noté;false;;false;Obligation de titrisation (FCTC) RMBS adossee a un portefeuille de creances hypothecaires de NSIA Banque CI, au taux de 7,00% sur la periode 2025-2036.;AC;T
TG0000003375;FNSBC.O5;FCTC ZAKA RMBS NSIA BANQUE CI9,00% 2025-2036;FCTC ZAKA RMBS NSIA Banque CI;Obligation privée;CI;Banque;XOF;9565;2000000000;1913043478.26087;9.00;2;20/12/2025;20/12/2036;20/12/2025;NC;Non noté;false;;false;Obligation de titrisation (FCTC) RMBS adossee a un portefeuille de creances hypothecaires de NSIA Banque CI, au taux de 9,00% sur la periode 2025-2036.;AC;T
TG0000003425;FSNLC.O1;FCTC SENELEC SENIOR 8,15 % 2025-2030;FCTC SENELEC;Obligation privée;SN;Energie;XOF;9500;83000000000;83000000000;8.15;2;12/11/2025;12/11/2030;12/05/2026;NC;Non noté;false;;false;Obligation de titrisation (FCTC) Senior adossee a un portefeuille de creances de SENELEC, au taux de 8,15% sur la periode 2025-2030.;ADEG;N
TG0000003433;FSNLC.O2;FCTC SENELEC MEZZANINE 10 %2025-2030;FCTC SENELEC;Obligation privée;SN;Energie;XOF;9500;25000000000;25000000000;10.00;2;12/11/2025;12/11/2030;12/05/2026;NC;Non noté;false;;false;Obligation de titrisation (FCTC) Mezzanine adossee a un portefeuille de creances de SENELEC, au taux de 10,00% sur la periode 2025-2030.;AC;N
