pays;dateReference;maturiteAnnees;maturiteLibelle;zeroCoupon;apresLissage;source;beta0;beta1;beta2;beta3;tau1;tau2;residuPb
Burkina Faso;2026-10-07;0.2500;3 mois;0.093900;0.100090;BAT;-0.08224145;0.22856449;-0.17144266;0.52687472;0.6200;3.0000;73.5
Burkina Faso;2026-10-07;0.5000;6 mois;0.085700;0.072826;BAT;-0.08224145;0.22856449;-0.17144266;0.52687472;0.6200;3.0000;73.5
Burkina Faso;2026-10-07;0.7500;9 mois;0.061500;0.057881;interpolé;-0.08224145;0.22856449;-0.17144266;0.52687472;0.6200;3.0000;73.5
Burkina Faso;2026-10-07;1.0000;1 an;0.037300;0.050821;BAT;-0.08224145;0.22856449;-0.17144266;0.52687472;0.6200;3.0000;73.5
Burkina Faso;2026-10-07;2.0000;2 ans;0.054775;0.055619;interpolé;-0.08224145;0.22856449;-0.17144266;0.52687472;0.6200;3.0000;73.5
Burkina Faso;2026-10-07;3.0000;3 ans;0.072251;0.070050;OAT;-0.08224145;0.22856449;-0.17144266;0.52687472;0.6200;3.0000;73.5
Burkina Faso;2026-10-07;4.0000;4 ans;0.092984;0.078980;OAT;-0.08224145;0.22856449;-0.17144266;0.52687472;0.6200;3.0000;73.5
Burkina Faso;2026-10-07;5.0000;5 ans;0.074813;0.081796;OAT;-0.08224145;0.22856449;-0.17144266;0.52687472;0.6200;3.0000;73.5
Burkina Faso;2026-10-07;6.0000;6 ans;0.073764;0.080152;OAT;-0.08224145;0.22856449;-0.17144266;0.52687472;0.6200;3.0000;73.5
Burkina Faso;2026-10-07;7.0000;7 ans;0.074078;0.075635;OAT;-0.08224145;0.22856449;-0.17144266;0.52687472;0.6200;3.0000;73.5
Burkina Faso;2026-10-07;8.0000;8 ans;0.068619;0.069426;interpolé;-0.08224145;0.22856449;-0.17144266;0.52687472;0.6200;3.0000;73.5
Burkina Faso;2026-10-07;9.0000;9 ans;0.063160;0.062343;interpolé;-0.08224145;0.22856449;-0.17144266;0.52687472;0.6200;3.0000;73.5
Burkina Faso;2026-10-07;10.0000;10 ans;0.057702;0.054928;OAT;-0.08224145;0.22856449;-0.17144266;0.52687472;0.6200;3.0000;73.5
Bénin;2026-08-13;0.2500;3 mois;0.030600;0.029215;BAT;0.11100242;-0.07062359;-0.12866452;-0.12422879;0.2000;3.0000;26.4
Bénin;2026-08-13;0.5000;6 mois;0.033900;0.039121;BAT;0.11100242;-0.07062359;-0.12866452;-0.12422879;0.2000;3.0000;26.4
Bénin;2026-08-13;0.7500;9 mois;0.048300;0.048967;interpolé;0.11100242;-0.07062359;-0.12866452;-0.12422879;0.2000;3.0000;26.4
Bénin;2026-08-13;1.0000;1 an;0.062700;0.055649;BAT;0.11100242;-0.07062359;-0.12866452;-0.12422879;0.2000;3.0000;26.4
Bénin;2026-08-13;2.0000;2 ans;0.063516;0.064190;interpolé;0.11100242;-0.07062359;-0.12866452;-0.12422879;0.2000;3.0000;26.4
Bénin;2026-08-13;3.0000;3 ans;0.064332;0.064890;OAT;0.11100242;-0.07062359;-0.12866452;-0.12422879;0.2000;3.0000;26.4
Bénin;2026-08-13;4.0000;4 ans;0.064936;0.065173;OAT;0.11100242;-0.07062359;-0.12866452;-0.12422879;0.2000;3.0000;26.4
Bénin;2026-08-13;5.0000;5 ans;0.067057;0.066036;OAT;0.11100242;-0.07062359;-0.12866452;-0.12422879;0.2000;3.0000;26.4
Bénin;2026-08-13;6.0000;6 ans;0.068556;0.067464;interpolé;0.11100242;-0.07062359;-0.12866452;-0.12422879;0.2000;3.0000;26.4
Bénin;2026-08-13;7.0000;7 ans;0.070056;0.069277;OAT;0.11100242;-0.07062359;-0.12866452;-0.12422879;0.2000;3.0000;26.4
Bénin;2026-08-13;8.0000;8 ans;0.071070;0.071303;interpolé;0.11100242;-0.07062359;-0.12866452;-0.12422879;0.2000;3.0000;26.4
Bénin;2026-08-13;9.0000;9 ans;0.072084;0.073411;interpolé;0.11100242;-0.07062359;-0.12866452;-0.12422879;0.2000;3.0000;26.4
Bénin;2026-08-13;10.0000;10 ans;0.073098;0.075509;OAT;0.11100242;-0.07062359;-0.12866452;-0.12422879;0.2000;3.0000;26.4
Côte d'Ivoire;2026-10-06;0.0833;1 mois;0.045100;0.050379;BAT;0.05985190;-0.00937191;-0.02954288;0.06416493;0.7900;3.0000;50.6
Côte d'Ivoire;2026-10-06;0.2500;3 mois;0.055000;0.050552;BAT;0.05985190;-0.00937191;-0.02954288;0.06416493;0.7900;3.0000;50.6
Côte d'Ivoire;2026-10-06;0.5000;6 mois;0.061800;0.051495;BAT;0.05985190;-0.00937191;-0.02954288;0.06416493;0.7900;3.0000;50.6
Côte d'Ivoire;2026-10-06;0.7500;9 mois;0.051200;0.052958;interpolé;0.05985190;-0.00937191;-0.02954288;0.06416493;0.7900;3.0000;50.6
Côte d'Ivoire;2026-10-06;1.0000;1 an;0.040600;0.054700;BAT;0.05985190;-0.00937191;-0.02954288;0.06416493;0.7900;3.0000;50.6
Côte d'Ivoire;2026-10-06;2.0000;2 ans;0.071392;0.061941;OAT;0.05985190;-0.00937191;-0.02954288;0.06416493;0.7900;3.0000;50.6
Côte d'Ivoire;2026-10-06;3.0000;3 ans;0.064238;0.067452;OAT;0.05985190;-0.00937191;-0.02954288;0.06416493;0.7900;3.0000;50.6
Côte d'Ivoire;2026-10-06;4.0000;4 ans;0.073850;0.070926;OAT;0.05985190;-0.00937191;-0.02954288;0.06416493;0.7900;3.0000;50.6
Côte d'Ivoire;2026-10-06;5.0000;5 ans;0.071082;0.072875;OAT;0.05985190;-0.00937191;-0.02954288;0.06416493;0.7900;3.0000;50.6
Côte d'Ivoire;2026-10-06;6.0000;6 ans;0.071774;0.073802;interpolé;0.05985190;-0.00937191;-0.02954288;0.06416493;0.7900;3.0000;50.6
Côte d'Ivoire;2026-10-06;7.0000;7 ans;0.072466;0.074075;OAT;0.05985190;-0.00937191;-0.02954288;0.06416493;0.7900;3.0000;50.6
Côte d'Ivoire;2026-10-06;8.0000;8 ans;0.073433;0.073942;interpolé;0.05985190;-0.00937191;-0.02954288;0.06416493;0.7900;3.0000;50.6
Côte d'Ivoire;2026-10-06;9.0000;9 ans;0.074401;0.073565;interpolé;0.05985190;-0.00937191;-0.02954288;0.06416493;0.7900;3.0000;50.6
Côte d'Ivoire;2026-10-06;10.0000;10 ans;0.075368;0.073051;OAT;0.05985190;-0.00937191;-0.02954288;0.06416493;0.7900;3.0000;50.6
Côte d'Ivoire;2026-10-06;11.0000;11 ans;0.074005;0.072469;interpolé;0.05985190;-0.00937191;-0.02954288;0.06416493;0.7900;3.0000;50.6
Côte d'Ivoire;2026-10-06;12.0000;12 ans;0.072642;0.071862;interpolé;0.05985190;-0.00937191;-0.02954288;0.06416493;0.7900;3.0000;50.6
Côte d'Ivoire;2026-10-06;13.0000;13 ans;0.071278;0.071258;interpolé;0.05985190;-0.00937191;-0.02954288;0.06416493;0.7900;3.0000;50.6
Côte d'Ivoire;2026-10-06;14.0000;14 ans;0.069915;0.070673;interpolé;0.05985190;-0.00937191;-0.02954288;0.06416493;0.7900;3.0000;50.6
Côte d'Ivoire;2026-10-06;15.0000;15 ans;0.068551;0.070117;OAT;0.05985190;-0.00937191;-0.02954288;0.06416493;0.7900;3.0000;50.6
Guinée Bissau;2026-09-28;0.2500;3 mois;0.051700;0.042847;BAT;0.05828465;-0.03283085;0.26026458;-0.11719425;1.5000;3.0000;150.3
Guinée Bissau;2026-09-28;0.5000;6 mois;0.057600;0.056462;BAT;0.05828465;-0.03283085;0.26026458;-0.11719425;1.5000;3.0000;150.3
Guinée Bissau;2026-09-28;0.7500;9 mois;0.057150;0.066980;interpolé;0.05828465;-0.03283085;0.26026458;-0.11719425;1.5000;3.0000;150.3
Guinée Bissau;2026-09-28;1.0000;1 an;0.056700;0.074969;BAT;0.05828465;-0.03283085;0.26026458;-0.11719425;1.5000;3.0000;150.3
Guinée Bissau;2026-09-28;2.0000;2 ans;0.126803;0.089924;OAT;0.05828465;-0.03283085;0.26026458;-0.11719425;1.5000;3.0000;150.3
Guinée Bissau;2026-09-28;3.0000;3 ans;0.072787;0.090421;OAT;0.05828465;-0.03283085;0.26026458;-0.11719425;1.5000;3.0000;150.3
Guinée Bissau;2026-09-28;4.0000;4 ans;0.078577;0.085728;interpolé;0.05828465;-0.03283085;0.26026458;-0.11719425;1.5000;3.0000;150.3
Guinée Bissau;2026-09-28;5.0000;5 ans;0.084367;0.079896;OAT;0.05828465;-0.03283085;0.26026458;-0.11719425;1.5000;3.0000;150.3
Guinée Bissau;2026-09-28;6.0000;6 ans;0.076854;0.074528;interpolé;0.05828465;-0.03283085;0.26026458;-0.11719425;1.5000;3.0000;150.3
Guinée Bissau;2026-09-28;7.0000;7 ans;0.069341;0.070124;OAT;0.05828465;-0.03283085;0.26026458;-0.11719425;1.5000;3.0000;150.3
Mali;2026-09-30;0.2500;3 mois;0.077900;0.078525;BAT;0.04439413;0.08549973;-0.12716446;0.12239174;0.3200;3.0000;27.6
Mali;2026-09-30;0.5000;6 mois;0.060800;0.059107;BAT;0.04439413;0.08549973;-0.12716446;0.12239174;0.3200;3.0000;27.6
Mali;2026-09-30;0.7500;9 mois;0.054900;0.053500;interpolé;0.04439413;0.08549973;-0.12716446;0.12239174;0.3200;3.0000;27.6
Mali;2026-09-30;1.0000;1 an;0.049000;0.053620;BAT;0.04439413;0.08549973;-0.12716446;0.12239174;0.3200;3.0000;27.6
Mali;2026-09-30;2.0000;2 ans;0.064121;0.064479;interpolé;0.04439413;0.08549973;-0.12716446;0.12239174;0.3200;3.0000;27.6
Mali;2026-09-30;3.0000;3 ans;0.079241;0.072302;OAT;0.04439413;0.08549973;-0.12716446;0.12239174;0.3200;3.0000;27.6
Mali;2026-09-30;4.0000;4 ans;0.077792;0.076397;interpolé;0.04439413;0.08549973;-0.12716446;0.12239174;0.3200;3.0000;27.6
Mali;2026-09-30;5.0000;5 ans;0.076343;0.078176;OAT;0.04439413;0.08549973;-0.12716446;0.12239174;0.3200;3.0000;27.6
Mali;2026-09-30;6.0000;6 ans;0.075909;0.078522;interpolé;0.04439413;0.08549973;-0.12716446;0.12239174;0.3200;3.0000;27.6
Mali;2026-09-30;7.0000;7 ans;0.075476;0.077988;OAT;0.04439413;0.08549973;-0.12716446;0.12239174;0.3200;3.0000;27.6
Mali;2026-09-30;8.0000;8 ans;0.075696;0.076931;interpolé;0.04439413;0.08549973;-0.12716446;0.12239174;0.3200;3.0000;27.6
Mali;2026-09-30;9.0000;9 ans;0.075917;0.075585;interpolé;0.04439413;0.08549973;-0.12716446;0.12239174;0.3200;3.0000;27.6
Mali;2026-09-30;10.0000;10 ans;0.076138;0.074102;OAT;0.04439413;0.08549973;-0.12716446;0.12239174;0.3200;3.0000;27.6
Niger;2026-10-01;0.2500;3 mois;0.082600;0.082128;BAT;-0.04176043;-0.05440958;0.49373505;0.36984822;0.2000;3.0000;53.0
Niger;2026-10-01;0.5000;6 mois;0.103100;0.106618;BAT;-0.04176043;-0.05440958;0.49373505;0.36984822;0.2000;3.0000;53.0
Niger;2026-10-01;0.7500;9 mois;0.108100;0.100229;BAT;-0.04176043;-0.05440958;0.49373505;0.36984822;0.2000;3.0000;53.0
Niger;2026-10-01;1.0000;1 an;0.087000;0.091699;BAT;-0.04176043;-0.05440958;0.49373505;0.36984822;0.2000;3.0000;53.0
Niger;2026-10-01;2.0000;2 ans;0.082375;0.082204;OAT;-0.04176043;-0.05440958;0.49373505;0.36984822;0.2000;3.0000;53.0
Niger;2026-10-01;3.0000;3 ans;0.088554;0.085257;OAT;-0.04176043;-0.05440958;0.49373505;0.36984822;0.2000;3.0000;53.0
Niger;2026-10-01;4.0000;4 ans;0.074331;0.086983;OAT;-0.04176043;-0.05440958;0.49373505;0.36984822;0.2000;3.0000;53.0
Niger;2026-10-01;5.0000;5 ans;0.085921;0.085953;OAT;-0.04176043;-0.05440958;0.49373505;0.36984822;0.2000;3.0000;53.0
Niger;2026-10-01;6.0000;6 ans;0.085779;0.082728;interpolé;-0.04176043;-0.05440958;0.49373505;0.36984822;0.2000;3.0000;53.0
Niger;2026-10-01;7.0000;7 ans;0.085637;0.078063;OAT;-0.04176043;-0.05440958;0.49373505;0.36984822;0.2000;3.0000;53.0
Niger;2026-10-01;8.0000;8 ans;0.075919;0.072581;interpolé;-0.04176043;-0.05440958;0.49373505;0.36984822;0.2000;3.0000;53.0
Niger;2026-10-01;9.0000;9 ans;0.066202;0.066734;interpolé;-0.04176043;-0.05440958;0.49373505;0.36984822;0.2000;3.0000;53.0
Niger;2026-10-01;10.0000;10 ans;0.056484;0.060828;OAT;-0.04176043;-0.05440958;0.49373505;0.36984822;0.2000;3.0000;53.0
Sénégal;2026-10-09;0.0833;1 mois;0.067200;0.065402;BAT;0.01724141;0.04578072;0.04564426;0.19542706;0.4200;3.0000;35.7
Sénégal;2026-10-09;0.2500;3 mois;0.066000;0.068673;BAT;0.01724141;0.04578072;0.04564426;0.19542706;0.4200;3.0000;35.7
Sénégal;2026-10-09;0.5000;6 mois;0.069400;0.071391;BAT;0.01724141;0.04578072;0.04564426;0.19542706;0.4200;3.0000;35.7
Sénégal;2026-10-09;0.7500;9 mois;0.074050;0.072916;interpolé;0.01724141;0.04578072;0.04564426;0.19542706;0.4200;3.0000;35.7
Sénégal;2026-10-09;1.0000;1 an;0.078700;0.074032;BAT;0.01724141;0.04578072;0.04564426;0.19542706;0.4200;3.0000;35.7
Sénégal;2026-10-09;2.0000;2 ans;0.076308;0.078188;OAT;0.01724141;0.04578072;0.04564426;0.19542706;0.4200;3.0000;35.7
Sénégal;2026-10-09;3.0000;3 ans;0.081889;0.081635;OAT;0.01724141;0.04578072;0.04564426;0.19542706;0.4200;3.0000;35.7
Sénégal;2026-10-09;4.0000;4 ans;0.079896;0.083258;interpolé;0.01724141;0.04578072;0.04564426;0.19542706;0.4200;3.0000;35.7
Sénégal;2026-10-09;5.0000;5 ans;0.077903;0.083119;OAT;0.01724141;0.04578072;0.04564426;0.19542706;0.4200;3.0000;35.7
Sénégal;2026-10-09;6.0000;6 ans;0.078840;0.081682;interpolé;0.01724141;0.04578072;0.04564426;0.19542706;0.4200;3.0000;35.7
Sénégal;2026-10-09;7.0000;7 ans;0.079777;0.079409;OAT;0.01724141;0.04578072;0.04564426;0.19542706;0.4200;3.0000;35.7
Sénégal;2026-10-09;8.0000;8 ans;0.079032;0.076655;interpolé;0.01724141;0.04578072;0.04564426;0.19542706;0.4200;3.0000;35.7
Sénégal;2026-10-09;9.0000;9 ans;0.078287;0.073677;interpolé;0.01724141;0.04578072;0.04564426;0.19542706;0.4200;3.0000;35.7
Sénégal;2026-10-09;10.0000;10 ans;0.077543;0.070646;OAT;0.01724141;0.04578072;0.04564426;0.19542706;0.4200;3.0000;35.7
Sénégal;2026-10-09;11.0000;11 ans;0.072190;0.067673;interpolé;0.01724141;0.04578072;0.04564426;0.19542706;0.4200;3.0000;35.7
Sénégal;2026-10-09;12.0000;12 ans;0.066838;0.064824;interpolé;0.01724141;0.04578072;0.04564426;0.19542706;0.4200;3.0000;35.7
Sénégal;2026-10-09;13.0000;13 ans;0.061485;0.062137;interpolé;0.01724141;0.04578072;0.04564426;0.19542706;0.4200;3.0000;35.7
Sénégal;2026-10-09;14.0000;14 ans;0.056133;0.059630;interpolé;0.01724141;0.04578072;0.04564426;0.19542706;0.4200;3.0000;35.7
Sénégal;2026-10-09;15.0000;15 ans;0.050781;0.057307;OAT;0.01724141;0.04578072;0.04564426;0.19542706;0.4200;3.0000;35.7
Togo;2026-08-07;0.2500;3 mois;0.056800;0.059316;BAT;0.02899498;0.03408155;-0.05772789;0.15084804;1.0400;3.0000;35.4
Togo;2026-08-07;0.5000;6 mois;0.060200;0.057173;BAT;0.02899498;0.03408155;-0.05772789;0.15084804;1.0400;3.0000;35.4
Togo;2026-08-07;0.7500;9 mois;0.057700;0.056203;interpolé;0.02899498;0.03408155;-0.05772789;0.15084804;1.0400;3.0000;35.4
Togo;2026-08-07;1.0000;1 an;0.055200;0.056069;BAT;0.02899498;0.03408155;-0.05772789;0.15084804;1.0400;3.0000;35.4
Togo;2026-08-07;2.0000;2 ans;0.058529;0.059585;interpolé;0.02899498;0.03408155;-0.05772789;0.15084804;1.0400;3.0000;35.4
Togo;2026-08-07;3.0000;3 ans;0.061859;0.064341;OAT;0.02899498;0.03408155;-0.05772789;0.15084804;1.0400;3.0000;35.4
Togo;2026-08-07;4.0000;4 ans;0.066457;0.067762;interpolé;0.02899498;0.03408155;-0.05772789;0.15084804;1.0400;3.0000;35.4
Togo;2026-08-07;5.0000;5 ans;0.071056;0.069511;OAT;0.02899498;0.03408155;-0.05772789;0.15084804;1.0400;3.0000;35.4
Togo;2026-08-07;6.0000;6 ans;0.073601;0.069891;interpolé;0.02899498;0.03408155;-0.05772789;0.15084804;1.0400;3.0000;35.4
Togo;2026-08-07;7.0000;7 ans;0.076146;0.069307;OAT;0.02899498;0.03408155;-0.05772789;0.15084804;1.0400;3.0000;35.4
Togo;2026-08-07;8.0000;8 ans;0.069812;0.068105;interpolé;0.02899498;0.03408155;-0.05772789;0.15084804;1.0400;3.0000;35.4
Togo;2026-08-07;9.0000;9 ans;0.063477;0.066542;interpolé;0.02899498;0.03408155;-0.05772789;0.15084804;1.0400;3.0000;35.4
Togo;2026-08-07;10.0000;10 ans;0.057143;0.064798;OAT;0.02899498;0.03408155;-0.05772789;0.15084804;1.0400;3.0000;35.4
Togo;2026-08-07;11.0000;11 ans;0.057992;0.062994;interpolé;0.02899498;0.03408155;-0.05772789;0.15084804;1.0400;3.0000;35.4
Togo;2026-08-07;12.0000;12 ans;0.058840;0.061205;interpolé;0.02899498;0.03408155;-0.05772789;0.15084804;1.0400;3.0000;35.4
Togo;2026-08-07;13.0000;13 ans;0.059689;0.059478;interpolé;0.02899498;0.03408155;-0.05772789;0.15084804;1.0400;3.0000;35.4
Togo;2026-08-07;14.0000;14 ans;0.060538;0.057841;interpolé;0.02899498;0.03408155;-0.05772789;0.15084804;1.0400;3.0000;35.4
Togo;2026-08-07;15.0000;15 ans;0.061386;0.056305;OAT;0.02899498;0.03408155;-0.05772789;0.15084804;1.0400;3.0000;35.4
