pays;titreES;instrument;precisions;dateOperation;montantM;etat;url
Côte d'Ivoire;;;;2026-12-29;75000;réalisée;https://www.umoatitres.org/fr/emission/emission-simultanee-de-bons-et-dobligations-du-tresor-de-la-cote-divoire-du-29-12-2026/
Mali;;;;2026-12-23;50130;réalisée;https://www.umoatitres.org/fr/emission/emission-simultanee-de-bons-et-dobligations-du-tresor-du-mali-du-23-12-2026/
Côte d'Ivoire;;;;2026-12-22;80000;réalisée;https://www.umoatitres.org/fr/emission/emission-simultanee-de-bons-et-dobligations-du-tresor-de-la-cote-divoire-du-22-12-2026/
Guinée Bissau;;;;2026-12-21;3550;réalisée;https://www.umoatitres.org/fr/emission/emission-simultanee-de-bons-et-dobligations-du-tresor-de-la-guinee-bissau-du-21-12-2026/
Sénégal;;;;2026-12-18;58100;réalisée;https://www.umoatitres.org/fr/emission/emission-simultanee-de-bons-et-dobligations-du-tresor-du-senegal-du-18-12-2026/
Burkina Faso;;;;2026-12-16;30000;réalisée;https://www.umoatitres.org/fr/emission/emission-simultanee-de-bons-et-dobligations-du-tresor-du-burkina-du-16-12-2026/
Côte d'Ivoire;;;;2026-12-15;80000;réalisée;https://www.umoatitres.org/fr/emission/emission-simultanee-de-bons-et-dobligations-du-tresor-de-la-cote-divoire-du-15-12-2026/
Mali;;;;2026-12-09;55000;réalisée;https://www.umoatitres.org/fr/emission/emission-simultanee-de-bons-et-dobligations-du-tresor-du-mali-du-09-12-2026/
Guinée Bissau;;;;2026-12-08;7500;réalisée;https://www.umoatitres.org/fr/emission/emission-simultanee-de-bons-et-dobligations-du-tresor-de-la-guinee-bissau-du-08-12-2026/
Sénégal;;;;2026-12-04;70000;réalisée;https://www.umoatitres.org/fr/emission/emission-simultanee-de-bons-et-dobligations-du-tresor-du-senegal-du-04-12-2026/
Niger;;;;2026-12-03;33600;réalisée;https://www.umoatitres.org/fr/emission/emission-simultanee-de-bons-et-dobligations-du-tresor-du-niger-du-03-12-2026/
Burkina Faso;;;;2026-12-02;30000;réalisée;https://www.umoatitres.org/fr/emission/emission-simultanee-de-bons-et-dobligations-du-tresor-du-burkina-du-02-12-2026/
Côte d'Ivoire;;;;2026-12-01;80000;réalisée;https://www.umoatitres.org/fr/emission/emission-simultanee-de-bons-et-dobligations-du-tresor-de-la-cote-divoire-du-01-12-2026/
Mali;;;;2026-11-25;55000;réalisée;https://www.umoatitres.org/fr/emission/emission-simultanee-de-bons-et-dobligations-du-tresor-du-mali-du-25-11-2026/
Côte d'Ivoire;;;;2026-11-24;80000;réalisée;https://www.umoatitres.org/fr/emission/emission-simultanee-de-bons-et-dobligations-du-tresor-de-la-cote-divoire-du-24-11-2026/
Sénégal;;;;2026-11-20;90000;réalisée;https://www.umoatitres.org/fr/emission/emission-simultanee-de-bons-et-dobligations-du-tresor-du-senegal-du-20-11-2026/
Niger;;;;2026-11-19;40000;réalisée;https://www.umoatitres.org/fr/emission/emission-simultanee-de-bons-et-dobligations-du-tresor-du-niger-du-19-11-2026/
Burkina Faso;;;;2026-11-18;30000;réalisée;https://www.umoatitres.org/fr/emission/emission-simultanee-de-bons-et-dobligations-du-tresor-du-burkina-du-18-11-2026/
Côte d'Ivoire;;;;2026-11-17;80000;réalisée;https://www.umoatitres.org/fr/emission/emission-simultanee-de-bons-et-dobligations-du-tresor-de-la-cote-divoire-du-17-11-2026/
Guinée Bissau;;;;2026-11-16;7500;réalisée;https://www.umoatitres.org/fr/emission/emission-simultanee-de-bons-et-dobligations-du-tresor-de-la-guinee-bissau-du-16-11-2026/
Togo;;;;2026-11-13;25000;réalisée;https://www.umoatitres.org/fr/emission/emission-simultanee-de-bons-et-dobligations-du-tresor-du-togo-du-13-11-2026/
Mali;;;;2026-11-11;55000;réalisée;https://www.umoatitres.org/fr/emission/emission-simultanee-de-bons-et-dobligations-du-tresor-du-mali-du-11-11-2026/
Sénégal;;;;2026-11-06;90000;réalisée;https://www.umoatitres.org/fr/emission/emission-simultanee-de-bons-et-dobligations-du-tresor-du-senegal-du-06-11-2026/
Niger;;;;2026-11-05;40000;réalisée;https://www.umoatitres.org/fr/emission/emission-simultanee-de-bons-et-dobligations-du-tresor-du-niger-du-05-11-2026/
Burkina Faso;;;;2026-11-04;30000;réalisée;https://www.umoatitres.org/fr/emission/emission-simultanee-de-bons-et-dobligations-du-tresor-du-burkina-du-04-11-2026/
Côte d'Ivoire;;;;2026-11-03;80000;réalisée;https://www.umoatitres.org/fr/emission/emission-simultanee-de-bons-et-dobligations-du-tresor-de-la-cote-divoire-du-03-11-2026/
Guinée Bissau;;;;2026-11-02;7500;réalisée;https://www.umoatitres.org/fr/emission/emission-simultanee-de-bons-et-dobligations-du-tresor-de-la-guinee-bissau-du-02-11-2026/
Togo;;;;2026-10-30;30000;réalisée;https://www.umoatitres.org/fr/emission/emission-simultanee-de-bons-et-dobligations-du-tresor-du-togo-du-30-10-2026/
Mali;;;;2026-10-28;55000;réalisée;https://www.umoatitres.org/fr/emission/emission-simultanee-de-bons-et-dobligations-du-tresor-du-mali-du-28-10-2026/
Côte d'Ivoire;;;;2026-10-27;81000;réalisée;https://www.umoatitres.org/fr/emission/emission-simultanee-de-bons-et-dobligations-du-tresor-de-la-cote-divoire-du-27-10-2026/
Sénégal;;;;2026-10-23;90000;réalisée;https://www.umoatitres.org/fr/emission/emission-simultanee-de-bons-et-dobligations-du-tresor-du-senegal-du-23-10-2026/
Niger;;;;2026-10-22;40000;réalisée;https://www.umoatitres.org/fr/emission/emission-simultanee-dobligations-du-tresor-du-niger-du-22-10-2026/
Côte d'Ivoire;;;;2026-10-20;80000;réalisée;https://www.umoatitres.org/fr/emission/emission-simultanee-de-bons-et-dobligations-du-tresor-de-la-cote-divoire-du-20-10-2026/
Guinée Bissau;;;;2026-10-19;7500;réalisée;https://www.umoatitres.org/fr/emission/emission-simultanee-de-bons-et-dobligations-du-tresor-de-la-guinee-bissau-du-19-10-2026/
Togo;;;;2026-10-16;25000;réalisée;https://www.umoatitres.org/fr/emission/emission-simultanee-de-bons-et-dobligations-du-tresor-du-togo-du-16-10-2026/
